generate_sample_by_ios_image_size_256_256_thickness_0.2/HN1yJj0GSr_random_size_0_95_1_color.jpg,generate_sample_by_ios_image_size_256_256_thickness_0.2/HN1yJj0GSr_random_size_0_95_1_annotation_thresh_gray.png
generate_sample_by_ios_image_size_256_256_thickness_0.2/8D5lTAvgvu_large_size_0_29_1_color.jpg,generate_sample_by_ios_image_size_256_256_thickness_0.2/8D5lTAvgvu_large_size_0_29_1_annotation_thresh_gray.png
generate_sample_by_ios_image_size_256_256_thickness_0.2/4qpAVixlru_large_size_0_96_1_color.jpg,generate_sample_by_ios_image_size_256_256_thickness_0.2/4qpAVixlru_large_size_0_96_1_annotation_thresh_gray.png
generate_sample_by_ios_image_size_256_256_thickness_0.2/inOADMfwro_random_size_0_91_1_color.jpg,generate_sample_by_ios_image_size_256_256_thickness_0.2/inOADMfwro_random_size_0_91_1_annotation_thresh_gray.png
generate_sample_by_ios_image_size_256_256_thickness_0.2/wzDnRwPVki_random_size_0_40_1_color.jpg,generate_sample_by_ios_image_size_256_256_thickness_0.2/wzDnRwPVki_random_size_0_40_1_annotation_thresh_gray.png
generate_sample_by_ios_image_size_256_256_thickness_0.2/Da9DFJqm61_random_size_0_120_1_color.jpg,generate_sample_by_ios_image_size_256_256_thickness_0.2/Da9DFJqm61_random_size_0_120_1_annotation_thresh_gray.png
generate_sample_by_ios_image_size_256_256_thickness_0.2/d31V1ug2HA_random_size_0_103_1_color.jpg,generate_sample_by_ios_image_size_256_256_thickness_0.2/d31V1ug2HA_random_size_0_103_1_annotation_thresh_gray.png
generate_sample_by_ios_image_size_256_256_thickness_0.2/3XtbTZgKis_large_size_0_109_1_color.jpg,generate_sample_by_ios_image_size_256_256_thickness_0.2/3XtbTZgKis_large_size_0_109_1_annotation_thresh_gray.png
generate_sample_by_ios_image_size_256_256_thickness_0.2/eJZHBO6O1y_large_size_0_55_1_color.jpg,generate_sample_by_ios_image_size_256_256_thickness_0.2/eJZHBO6O1y_large_size_0_55_1_annotation_thresh_gray.png
generate_sample_by_ios_image_size_256_256_thickness_0.2/K53vP65pAI_large_size_0_89_1_color.jpg,generate_sample_by_ios_image_size_256_256_thickness_0.2/K53vP65pAI_large_size_0_89_1_annotation_thresh_gray.png
generate_sample_by_ios_image_size_256_256_thickness_0.2/FeMmp4R8zr_random_size_0_25_1_color.jpg,generate_sample_by_ios_image_size_256_256_thickness_0.2/FeMmp4R8zr_random_size_0_25_1_annotation_thresh_gray.png
generate_sample_by_ios_image_size_256_256_thickness_0.2/6tJ3ziFjiD_random_size_0_39_1_color.jpg,generate_sample_by_ios_image_size_256_256_thickness_0.2/6tJ3ziFjiD_random_size_0_39_1_annotation_thresh_gray.png
generate_sample_by_ios_image_size_256_256_thickness_0.2/1m7RLCxFf6_large_size_0_20_1_color.jpg,generate_sample_by_ios_image_size_256_256_thickness_0.2/1m7RLCxFf6_large_size_0_20_1_annotation_thresh_gray.png
generate_sample_by_ios_image_size_256_256_thickness_0.2/enYgtYxSMU_random_size_0_55_1_color.jpg,generate_sample_by_ios_image_size_256_256_thickness_0.2/enYgtYxSMU_random_size_0_55_1_annotation_thresh_gray.png
generate_sample_by_ios_image_size_256_256_thickness_0.2/vLWcEStkw9_large_size_1_4_1_color.jpg,generate_sample_by_ios_image_size_256_256_thickness_0.2/vLWcEStkw9_large_size_1_4_1_annotation_thresh_gray.png
generate_sample_by_ios_image_size_256_256_thickness_0.2/DiPZDUuqx3_large_size_0_36_1_color.jpg,generate_sample_by_ios_image_size_256_256_thickness_0.2/DiPZDUuqx3_large_size_0_36_1_annotation_thresh_gray.png
generate_sample_by_ios_image_size_256_256_thickness_0.2/4xmGSNarbc_large_size_0_122_1_color.jpg,generate_sample_by_ios_image_size_256_256_thickness_0.2/4xmGSNarbc_large_size_0_122_1_annotation_thresh_gray.png
generate_sample_by_ios_image_size_256_256_thickness_0.2/5oEX655mQN_random_size_0_109_1_color.jpg,generate_sample_by_ios_image_size_256_256_thickness_0.2/5oEX655mQN_random_size_0_109_1_annotation_thresh_gray.png
generate_sample_by_ios_image_size_256_256_thickness_0.2/d2JwiyTNgO_large_size_0_43_1_color.jpg,generate_sample_by_ios_image_size_256_256_thickness_0.2/d2JwiyTNgO_large_size_0_43_1_annotation_thresh_gray.png
generate_sample_by_ios_image_size_256_256_thickness_0.2/W0r2MDmM8s_large_size_0_0_1_color.jpg,generate_sample_by_ios_image_size_256_256_thickness_0.2/W0r2MDmM8s_large_size_0_0_1_annotation_thresh_gray.png
generate_sample_by_ios_image_size_256_256_thickness_0.2/W8KjuohxS5_large_size_0_34_1_color.jpg,generate_sample_by_ios_image_size_256_256_thickness_0.2/W8KjuohxS5_large_size_0_34_1_annotation_thresh_gray.png
generate_sample_by_ios_image_size_256_256_thickness_0.2/Lf6CoQdNhL_large_size_0_11_1_color.jpg,generate_sample_by_ios_image_size_256_256_thickness_0.2/Lf6CoQdNhL_large_size_0_11_1_annotation_thresh_gray.png
generate_sample_by_ios_image_size_256_256_thickness_0.2/VomFycl7Qn_large_size_0_58_1_color.jpg,generate_sample_by_ios_image_size_256_256_thickness_0.2/VomFycl7Qn_large_size_0_58_1_annotation_thresh_gray.png
generate_sample_by_ios_image_size_256_256_thickness_0.2/EKzz0FpZyZ_large_size_0_58_1_color.jpg,generate_sample_by_ios_image_size_256_256_thickness_0.2/EKzz0FpZyZ_large_size_0_58_1_annotation_thresh_gray.png
generate_sample_by_ios_image_size_256_256_thickness_0.2/v6oZ0wi8HL_large_size_0_7_1_color.jpg,generate_sample_by_ios_image_size_256_256_thickness_0.2/v6oZ0wi8HL_large_size_0_7_1_annotation_thresh_gray.png
generate_sample_by_ios_image_size_256_256_thickness_0.2/QJ82tl2sp6_large_size_0_81_1_color.jpg,generate_sample_by_ios_image_size_256_256_thickness_0.2/QJ82tl2sp6_large_size_0_81_1_annotation_thresh_gray.png
generate_sample_by_ios_image_size_256_256_thickness_0.2/qPKjTjCQFM_large_size_0_122_1_color.jpg,generate_sample_by_ios_image_size_256_256_thickness_0.2/qPKjTjCQFM_large_size_0_122_1_annotation_thresh_gray.png
generate_sample_by_ios_image_size_256_256_thickness_0.2/iGnXpuDFom_large_size_0_13_1_color.jpg,generate_sample_by_ios_image_size_256_256_thickness_0.2/iGnXpuDFom_large_size_0_13_1_annotation_thresh_gray.png
generate_sample_by_ios_image_size_256_256_thickness_0.2/PSQRNxGF0T_random_size_0_115_1_color.jpg,generate_sample_by_ios_image_size_256_256_thickness_0.2/PSQRNxGF0T_random_size_0_115_1_annotation_thresh_gray.png
generate_sample_by_ios_image_size_256_256_thickness_0.2/DfiLFKNZqT_large_size_0_60_1_color.jpg,generate_sample_by_ios_image_size_256_256_thickness_0.2/DfiLFKNZqT_large_size_0_60_1_annotation_thresh_gray.png
generate_sample_by_ios_image_size_256_256_thickness_0.2/cvKlpSoaEx_random_size_0_22_1_color.jpg,generate_sample_by_ios_image_size_256_256_thickness_0.2/cvKlpSoaEx_random_size_0_22_1_annotation_thresh_gray.png
generate_sample_by_ios_image_size_256_256_thickness_0.2/NbknpZrNu5_random_size_0_46_1_color.jpg,generate_sample_by_ios_image_size_256_256_thickness_0.2/NbknpZrNu5_random_size_0_46_1_annotation_thresh_gray.png
generate_sample_by_ios_image_size_256_256_thickness_0.2/k0siL3etTi_large_size_0_18_1_color.jpg,generate_sample_by_ios_image_size_256_256_thickness_0.2/k0siL3etTi_large_size_0_18_1_annotation_thresh_gray.png
generate_sample_by_ios_image_size_256_256_thickness_0.2/cvRbA64n9a_large_size_0_6_1_color.jpg,generate_sample_by_ios_image_size_256_256_thickness_0.2/cvRbA64n9a_large_size_0_6_1_annotation_thresh_gray.png
generate_sample_by_ios_image_size_256_256_thickness_0.2/NkkL6HiJ3K_large_size_0_36_1_color.jpg,generate_sample_by_ios_image_size_256_256_thickness_0.2/NkkL6HiJ3K_large_size_0_36_1_annotation_thresh_gray.png
generate_sample_by_ios_image_size_256_256_thickness_0.2/u6t6cNCJaw_random_size_0_106_1_color.jpg,generate_sample_by_ios_image_size_256_256_thickness_0.2/u6t6cNCJaw_random_size_0_106_1_annotation_thresh_gray.png
generate_sample_by_ios_image_size_256_256_thickness_0.2/BuMqs0xsfF_large_size_0_82_1_color.jpg,generate_sample_by_ios_image_size_256_256_thickness_0.2/BuMqs0xsfF_large_size_0_82_1_annotation_thresh_gray.png
generate_sample_by_ios_image_size_256_256_thickness_0.2/3sjB46HGkA_large_size_0_17_1_color.jpg,generate_sample_by_ios_image_size_256_256_thickness_0.2/3sjB46HGkA_large_size_0_17_1_annotation_thresh_gray.png
generate_sample_by_ios_image_size_256_256_thickness_0.2/cSEm9DRlyc_large_size_0_53_1_color.jpg,generate_sample_by_ios_image_size_256_256_thickness_0.2/cSEm9DRlyc_large_size_0_53_1_annotation_thresh_gray.png
generate_sample_by_ios_image_size_256_256_thickness_0.2/CUD8NsC3VZ_random_size_0_19_1_color.jpg,generate_sample_by_ios_image_size_256_256_thickness_0.2/CUD8NsC3VZ_random_size_0_19_1_annotation_thresh_gray.png
generate_sample_by_ios_image_size_256_256_thickness_0.2/OGTynZxD9O_large_size_0_102_1_color.jpg,generate_sample_by_ios_image_size_256_256_thickness_0.2/OGTynZxD9O_large_size_0_102_1_annotation_thresh_gray.png
generate_sample_by_ios_image_size_256_256_thickness_0.2/2OCskmtRD3_random_size_0_10_1_color.jpg,generate_sample_by_ios_image_size_256_256_thickness_0.2/2OCskmtRD3_random_size_0_10_1_annotation_thresh_gray.png
generate_sample_by_ios_image_size_256_256_thickness_0.2/ktDVSCvZN2_large_size_0_104_1_color.jpg,generate_sample_by_ios_image_size_256_256_thickness_0.2/ktDVSCvZN2_large_size_0_104_1_annotation_thresh_gray.png
generate_sample_by_ios_image_size_256_256_thickness_0.2/LhXgka4WWl_large_size_0_38_1_color.jpg,generate_sample_by_ios_image_size_256_256_thickness_0.2/LhXgka4WWl_large_size_0_38_1_annotation_thresh_gray.png
generate_sample_by_ios_image_size_256_256_thickness_0.2/EufIqSFNKU_random_size_0_59_1_color.jpg,generate_sample_by_ios_image_size_256_256_thickness_0.2/EufIqSFNKU_random_size_0_59_1_annotation_thresh_gray.png
generate_sample_by_ios_image_size_256_256_thickness_0.2/be0c9D3hZd_random_size_0_85_1_color.jpg,generate_sample_by_ios_image_size_256_256_thickness_0.2/be0c9D3hZd_random_size_0_85_1_annotation_thresh_gray.png
generate_sample_by_ios_image_size_256_256_thickness_0.2/nR2E8SJdtB_large_size_0_116_1_color.jpg,generate_sample_by_ios_image_size_256_256_thickness_0.2/nR2E8SJdtB_large_size_0_116_1_annotation_thresh_gray.png
generate_sample_by_ios_image_size_256_256_thickness_0.2/5X1nO6H5v0_large_size_0_105_1_color.jpg,generate_sample_by_ios_image_size_256_256_thickness_0.2/5X1nO6H5v0_large_size_0_105_1_annotation_thresh_gray.png
generate_sample_by_ios_image_size_256_256_thickness_0.2/p62dWZpIjQ_large_size_0_93_1_color.jpg,generate_sample_by_ios_image_size_256_256_thickness_0.2/p62dWZpIjQ_large_size_0_93_1_annotation_thresh_gray.png
generate_sample_by_ios_image_size_256_256_thickness_0.2/N783AcEVps_random_size_0_75_1_color.jpg,generate_sample_by_ios_image_size_256_256_thickness_0.2/N783AcEVps_random_size_0_75_1_annotation_thresh_gray.png
generate_sample_by_ios_image_size_256_256_thickness_0.2/DQUX9jAX6Q_random_size_0_9_1_color.jpg,generate_sample_by_ios_image_size_256_256_thickness_0.2/DQUX9jAX6Q_random_size_0_9_1_annotation_thresh_gray.png
generate_sample_by_ios_image_size_256_256_thickness_0.2/iSxP4j7Dhc_random_size_0_88_1_color.jpg,generate_sample_by_ios_image_size_256_256_thickness_0.2/iSxP4j7Dhc_random_size_0_88_1_annotation_thresh_gray.png
generate_sample_by_ios_image_size_256_256_thickness_0.2/obxzvOKmbT_large_size_0_8_1_color.jpg,generate_sample_by_ios_image_size_256_256_thickness_0.2/obxzvOKmbT_large_size_0_8_1_annotation_thresh_gray.png
generate_sample_by_ios_image_size_256_256_thickness_0.2/MCeKTSBfIg_random_size_0_41_1_color.jpg,generate_sample_by_ios_image_size_256_256_thickness_0.2/MCeKTSBfIg_random_size_0_41_1_annotation_thresh_gray.png
generate_sample_by_ios_image_size_256_256_thickness_0.2/uGQCZqXH3F_large_size_0_10_1_color.jpg,generate_sample_by_ios_image_size_256_256_thickness_0.2/uGQCZqXH3F_large_size_0_10_1_annotation_thresh_gray.png
generate_sample_by_ios_image_size_256_256_thickness_0.2/hwK4ZgKXoA_random_size_0_102_1_color.jpg,generate_sample_by_ios_image_size_256_256_thickness_0.2/hwK4ZgKXoA_random_size_0_102_1_annotation_thresh_gray.png
generate_sample_by_ios_image_size_256_256_thickness_0.2/D6MQvQdUpC_random_size_0_72_1_color.jpg,generate_sample_by_ios_image_size_256_256_thickness_0.2/D6MQvQdUpC_random_size_0_72_1_annotation_thresh_gray.png
generate_sample_by_ios_image_size_256_256_thickness_0.2/GHpd8BEqLN_large_size_0_94_1_color.jpg,generate_sample_by_ios_image_size_256_256_thickness_0.2/GHpd8BEqLN_large_size_0_94_1_annotation_thresh_gray.png
generate_sample_by_ios_image_size_256_256_thickness_0.2/hYO15kp1LO_large_size_0_92_1_color.jpg,generate_sample_by_ios_image_size_256_256_thickness_0.2/hYO15kp1LO_large_size_0_92_1_annotation_thresh_gray.png
generate_sample_by_ios_image_size_256_256_thickness_0.2/6uY3AimN8Q_large_size_0_22_1_color.jpg,generate_sample_by_ios_image_size_256_256_thickness_0.2/6uY3AimN8Q_large_size_0_22_1_annotation_thresh_gray.png
generate_sample_by_ios_image_size_256_256_thickness_0.2/voLYa2wv6k_random_size_0_61_1_color.jpg,generate_sample_by_ios_image_size_256_256_thickness_0.2/voLYa2wv6k_random_size_0_61_1_annotation_thresh_gray.png
generate_sample_by_ios_image_size_256_256_thickness_0.2/W2QMTVs9WG_large_size_0_76_1_color.jpg,generate_sample_by_ios_image_size_256_256_thickness_0.2/W2QMTVs9WG_large_size_0_76_1_annotation_thresh_gray.png
generate_sample_by_ios_image_size_256_256_thickness_0.2/rnr85hu35g_large_size_0_80_1_color.jpg,generate_sample_by_ios_image_size_256_256_thickness_0.2/rnr85hu35g_large_size_0_80_1_annotation_thresh_gray.png
generate_sample_by_ios_image_size_256_256_thickness_0.2/IyR53JXTuD_large_size_0_68_1_color.jpg,generate_sample_by_ios_image_size_256_256_thickness_0.2/IyR53JXTuD_large_size_0_68_1_annotation_thresh_gray.png
generate_sample_by_ios_image_size_256_256_thickness_0.2/v0z2xeZpby_random_size_0_65_1_color.jpg,generate_sample_by_ios_image_size_256_256_thickness_0.2/v0z2xeZpby_random_size_0_65_1_annotation_thresh_gray.png
generate_sample_by_ios_image_size_256_256_thickness_0.2/8gGqkZvp8s_random_size_0_28_1_color.jpg,generate_sample_by_ios_image_size_256_256_thickness_0.2/8gGqkZvp8s_random_size_0_28_1_annotation_thresh_gray.png
generate_sample_by_ios_image_size_256_256_thickness_0.2/IXNiUMZxJS_random_size_0_114_1_color.jpg,generate_sample_by_ios_image_size_256_256_thickness_0.2/IXNiUMZxJS_random_size_0_114_1_annotation_thresh_gray.png
generate_sample_by_ios_image_size_256_256_thickness_0.2/qAUR5Sa9Lm_random_size_0_4_1_color.jpg,generate_sample_by_ios_image_size_256_256_thickness_0.2/qAUR5Sa9Lm_random_size_0_4_1_annotation_thresh_gray.png
generate_sample_by_ios_image_size_256_256_thickness_0.2/7pZPzSjorp_random_size_0_70_1_color.jpg,generate_sample_by_ios_image_size_256_256_thickness_0.2/7pZPzSjorp_random_size_0_70_1_annotation_thresh_gray.png
generate_sample_by_ios_image_size_256_256_thickness_0.2/ESZeSIqeFz_random_size_0_97_1_color.jpg,generate_sample_by_ios_image_size_256_256_thickness_0.2/ESZeSIqeFz_random_size_0_97_1_annotation_thresh_gray.png
generate_sample_by_ios_image_size_256_256_thickness_0.2/VUmMdayK6d_large_size_0_32_1_color.jpg,generate_sample_by_ios_image_size_256_256_thickness_0.2/VUmMdayK6d_large_size_0_32_1_annotation_thresh_gray.png
generate_sample_by_ios_image_size_256_256_thickness_0.2/L7lmIe7lxP_large_size_0_33_1_color.jpg,generate_sample_by_ios_image_size_256_256_thickness_0.2/L7lmIe7lxP_large_size_0_33_1_annotation_thresh_gray.png
generate_sample_by_ios_image_size_256_256_thickness_0.2/tEvm8MNYOV_large_size_0_50_1_color.jpg,generate_sample_by_ios_image_size_256_256_thickness_0.2/tEvm8MNYOV_large_size_0_50_1_annotation_thresh_gray.png
generate_sample_by_ios_image_size_256_256_thickness_0.2/LfHHYH1t0I_random_size_0_80_1_color.jpg,generate_sample_by_ios_image_size_256_256_thickness_0.2/LfHHYH1t0I_random_size_0_80_1_annotation_thresh_gray.png
generate_sample_by_ios_image_size_256_256_thickness_0.2/vKGajtyTlr_large_size_0_95_1_color.jpg,generate_sample_by_ios_image_size_256_256_thickness_0.2/vKGajtyTlr_large_size_0_95_1_annotation_thresh_gray.png
generate_sample_by_ios_image_size_256_256_thickness_0.2/sgPxTpYZJw_large_size_0_2_1_color.jpg,generate_sample_by_ios_image_size_256_256_thickness_0.2/sgPxTpYZJw_large_size_0_2_1_annotation_thresh_gray.png
generate_sample_by_ios_image_size_256_256_thickness_0.2/z1vQNt1X9B_random_size_0_51_1_color.jpg,generate_sample_by_ios_image_size_256_256_thickness_0.2/z1vQNt1X9B_random_size_0_51_1_annotation_thresh_gray.png
generate_sample_by_ios_image_size_256_256_thickness_0.2/t4dAhCFzEr_large_size_0_48_1_color.jpg,generate_sample_by_ios_image_size_256_256_thickness_0.2/t4dAhCFzEr_large_size_0_48_1_annotation_thresh_gray.png
generate_sample_by_ios_image_size_256_256_thickness_0.2/MHynMupbA8_large_size_0_88_1_color.jpg,generate_sample_by_ios_image_size_256_256_thickness_0.2/MHynMupbA8_large_size_0_88_1_annotation_thresh_gray.png
generate_sample_by_ios_image_size_256_256_thickness_0.2/jpqtGOmvC5_random_size_0_8_1_color.jpg,generate_sample_by_ios_image_size_256_256_thickness_0.2/jpqtGOmvC5_random_size_0_8_1_annotation_thresh_gray.png
generate_sample_by_ios_image_size_256_256_thickness_0.2/uSRO6cVOA3_large_size_0_125_1_color.jpg,generate_sample_by_ios_image_size_256_256_thickness_0.2/uSRO6cVOA3_large_size_0_125_1_annotation_thresh_gray.png
generate_sample_by_ios_image_size_256_256_thickness_0.2/0taag65I1r_random_size_0_99_1_color.jpg,generate_sample_by_ios_image_size_256_256_thickness_0.2/0taag65I1r_random_size_0_99_1_annotation_thresh_gray.png
generate_sample_by_ios_image_size_256_256_thickness_0.2/rxBHWOzt17_large_size_0_72_1_color.jpg,generate_sample_by_ios_image_size_256_256_thickness_0.2/rxBHWOzt17_large_size_0_72_1_annotation_thresh_gray.png
generate_sample_by_ios_image_size_256_256_thickness_0.2/O7ZM9FHatU_large_size_0_28_1_color.jpg,generate_sample_by_ios_image_size_256_256_thickness_0.2/O7ZM9FHatU_large_size_0_28_1_annotation_thresh_gray.png
generate_sample_by_ios_image_size_256_256_thickness_0.2/bNK7OR6EIk_random_size_0_79_1_color.jpg,generate_sample_by_ios_image_size_256_256_thickness_0.2/bNK7OR6EIk_random_size_0_79_1_annotation_thresh_gray.png
generate_sample_by_ios_image_size_256_256_thickness_0.2/oFFlTGUEfI_large_size_1_2_1_color.jpg,generate_sample_by_ios_image_size_256_256_thickness_0.2/oFFlTGUEfI_large_size_1_2_1_annotation_thresh_gray.png
generate_sample_by_ios_image_size_256_256_thickness_0.2/V6e4QOH0UR_random_size_0_98_1_color.jpg,generate_sample_by_ios_image_size_256_256_thickness_0.2/V6e4QOH0UR_random_size_0_98_1_annotation_thresh_gray.png
generate_sample_by_ios_image_size_256_256_thickness_0.2/7iB5D50hq4_large_size_0_42_1_color.jpg,generate_sample_by_ios_image_size_256_256_thickness_0.2/7iB5D50hq4_large_size_0_42_1_annotation_thresh_gray.png
generate_sample_by_ios_image_size_256_256_thickness_0.2/GWILFIMlEL_large_size_0_75_1_color.jpg,generate_sample_by_ios_image_size_256_256_thickness_0.2/GWILFIMlEL_large_size_0_75_1_annotation_thresh_gray.png
generate_sample_by_ios_image_size_256_256_thickness_0.2/8Qzqi78bly_large_size_0_22_1_color.jpg,generate_sample_by_ios_image_size_256_256_thickness_0.2/8Qzqi78bly_large_size_0_22_1_annotation_thresh_gray.png
generate_sample_by_ios_image_size_256_256_thickness_0.2/h88YKlTQ3V_large_size_0_10_1_color.jpg,generate_sample_by_ios_image_size_256_256_thickness_0.2/h88YKlTQ3V_large_size_0_10_1_annotation_thresh_gray.png
generate_sample_by_ios_image_size_256_256_thickness_0.2/1zSOJ6Z1ty_large_size_0_21_1_color.jpg,generate_sample_by_ios_image_size_256_256_thickness_0.2/1zSOJ6Z1ty_large_size_0_21_1_annotation_thresh_gray.png
generate_sample_by_ios_image_size_256_256_thickness_0.2/wQjfb73LG9_large_size_0_105_1_color.jpg,generate_sample_by_ios_image_size_256_256_thickness_0.2/wQjfb73LG9_large_size_0_105_1_annotation_thresh_gray.png
generate_sample_by_ios_image_size_256_256_thickness_0.2/RkEcz0DD7d_large_size_0_39_1_color.jpg,generate_sample_by_ios_image_size_256_256_thickness_0.2/RkEcz0DD7d_large_size_0_39_1_annotation_thresh_gray.png
generate_sample_by_ios_image_size_256_256_thickness_0.2/TJH3AchD5w_large_size_0_3_1_color.jpg,generate_sample_by_ios_image_size_256_256_thickness_0.2/TJH3AchD5w_large_size_0_3_1_annotation_thresh_gray.png
generate_sample_by_ios_image_size_256_256_thickness_0.2/wUnkCl7Enn_large_size_0_72_1_color.jpg,generate_sample_by_ios_image_size_256_256_thickness_0.2/wUnkCl7Enn_large_size_0_72_1_annotation_thresh_gray.png
generate_sample_by_ios_image_size_256_256_thickness_0.2/bktEy6uhyi_random_size_0_89_1_color.jpg,generate_sample_by_ios_image_size_256_256_thickness_0.2/bktEy6uhyi_random_size_0_89_1_annotation_thresh_gray.png
generate_sample_by_ios_image_size_256_256_thickness_0.2/gty4nMuFjI_random_size_0_62_1_color.jpg,generate_sample_by_ios_image_size_256_256_thickness_0.2/gty4nMuFjI_random_size_0_62_1_annotation_thresh_gray.png
generate_sample_by_ios_image_size_256_256_thickness_0.2/8O1QXEZhXl_large_size_0_16_1_color.jpg,generate_sample_by_ios_image_size_256_256_thickness_0.2/8O1QXEZhXl_large_size_0_16_1_annotation_thresh_gray.png
generate_sample_by_ios_image_size_256_256_thickness_0.2/ppE7vstnYe_large_size_0_4_1_color.jpg,generate_sample_by_ios_image_size_256_256_thickness_0.2/ppE7vstnYe_large_size_0_4_1_annotation_thresh_gray.png
generate_sample_by_ios_image_size_256_256_thickness_0.2/fNnc5bypP7_large_size_0_25_1_color.jpg,generate_sample_by_ios_image_size_256_256_thickness_0.2/fNnc5bypP7_large_size_0_25_1_annotation_thresh_gray.png
generate_sample_by_ios_image_size_256_256_thickness_0.2/hPcUxDIcSA_random_size_0_128_1_color.jpg,generate_sample_by_ios_image_size_256_256_thickness_0.2/hPcUxDIcSA_random_size_0_128_1_annotation_thresh_gray.png
generate_sample_by_ios_image_size_256_256_thickness_0.2/a1AbCJGYkj_random_size_0_37_1_color.jpg,generate_sample_by_ios_image_size_256_256_thickness_0.2/a1AbCJGYkj_random_size_0_37_1_annotation_thresh_gray.png
generate_sample_by_ios_image_size_256_256_thickness_0.2/LJ6jOj5J01_large_size_0_27_1_color.jpg,generate_sample_by_ios_image_size_256_256_thickness_0.2/LJ6jOj5J01_large_size_0_27_1_annotation_thresh_gray.png
generate_sample_by_ios_image_size_256_256_thickness_0.2/c22MBBzTkp_large_size_0_123_1_color.jpg,generate_sample_by_ios_image_size_256_256_thickness_0.2/c22MBBzTkp_large_size_0_123_1_annotation_thresh_gray.png
generate_sample_by_ios_image_size_256_256_thickness_0.2/JtOD7jgTxI_large_size_0_14_1_color.jpg,generate_sample_by_ios_image_size_256_256_thickness_0.2/JtOD7jgTxI_large_size_0_14_1_annotation_thresh_gray.png
generate_sample_by_ios_image_size_256_256_thickness_0.2/Wv8DIBYiq7_large_size_0_119_1_color.jpg,generate_sample_by_ios_image_size_256_256_thickness_0.2/Wv8DIBYiq7_large_size_0_119_1_annotation_thresh_gray.png
generate_sample_by_ios_image_size_256_256_thickness_0.2/Aqca82DTDW_large_size_0_119_1_color.jpg,generate_sample_by_ios_image_size_256_256_thickness_0.2/Aqca82DTDW_large_size_0_119_1_annotation_thresh_gray.png
generate_sample_by_ios_image_size_256_256_thickness_0.2/7XYTqfWwzM_random_size_1_2_1_color.jpg,generate_sample_by_ios_image_size_256_256_thickness_0.2/7XYTqfWwzM_random_size_1_2_1_annotation_thresh_gray.png
generate_sample_by_ios_image_size_256_256_thickness_0.2/GMWu39Mx1O_large_size_0_107_1_color.jpg,generate_sample_by_ios_image_size_256_256_thickness_0.2/GMWu39Mx1O_large_size_0_107_1_annotation_thresh_gray.png
generate_sample_by_ios_image_size_256_256_thickness_0.2/KzSeG8FCNR_large_size_0_97_1_color.jpg,generate_sample_by_ios_image_size_256_256_thickness_0.2/KzSeG8FCNR_large_size_0_97_1_annotation_thresh_gray.png
generate_sample_by_ios_image_size_256_256_thickness_0.2/G3ZsDHWm7f_large_size_0_85_1_color.jpg,generate_sample_by_ios_image_size_256_256_thickness_0.2/G3ZsDHWm7f_large_size_0_85_1_annotation_thresh_gray.png
generate_sample_by_ios_image_size_256_256_thickness_0.2/RMAwA6xFta_large_size_0_103_1_color.jpg,generate_sample_by_ios_image_size_256_256_thickness_0.2/RMAwA6xFta_large_size_0_103_1_annotation_thresh_gray.png
generate_sample_by_ios_image_size_256_256_thickness_0.2/tDl9jdQdpj_large_size_0_65_1_color.jpg,generate_sample_by_ios_image_size_256_256_thickness_0.2/tDl9jdQdpj_large_size_0_65_1_annotation_thresh_gray.png
generate_sample_by_ios_image_size_256_256_thickness_0.2/9BPrAyzxpK_large_size_0_99_1_color.jpg,generate_sample_by_ios_image_size_256_256_thickness_0.2/9BPrAyzxpK_large_size_0_99_1_annotation_thresh_gray.png
generate_sample_by_ios_image_size_256_256_thickness_0.2/fytOJtTgJN_large_size_0_103_1_color.jpg,generate_sample_by_ios_image_size_256_256_thickness_0.2/fytOJtTgJN_large_size_0_103_1_annotation_thresh_gray.png
generate_sample_by_ios_image_size_256_256_thickness_0.2/ij95lOse76_random_size_0_111_1_color.jpg,generate_sample_by_ios_image_size_256_256_thickness_0.2/ij95lOse76_random_size_0_111_1_annotation_thresh_gray.png
generate_sample_by_ios_image_size_256_256_thickness_0.2/ApTs4qrgHO_random_size_0_118_1_color.jpg,generate_sample_by_ios_image_size_256_256_thickness_0.2/ApTs4qrgHO_random_size_0_118_1_annotation_thresh_gray.png
generate_sample_by_ios_image_size_256_256_thickness_0.2/SVkRndhQ2O_large_size_0_19_1_color.jpg,generate_sample_by_ios_image_size_256_256_thickness_0.2/SVkRndhQ2O_large_size_0_19_1_annotation_thresh_gray.png
generate_sample_by_ios_image_size_256_256_thickness_0.2/XjD1d7rwrI_random_size_0_48_1_color.jpg,generate_sample_by_ios_image_size_256_256_thickness_0.2/XjD1d7rwrI_random_size_0_48_1_annotation_thresh_gray.png
generate_sample_by_ios_image_size_256_256_thickness_0.2/fwt7fk31h1_random_size_0_38_1_color.jpg,generate_sample_by_ios_image_size_256_256_thickness_0.2/fwt7fk31h1_random_size_0_38_1_annotation_thresh_gray.png
generate_sample_by_ios_image_size_256_256_thickness_0.2/henTIwdoLR_large_size_0_20_1_color.jpg,generate_sample_by_ios_image_size_256_256_thickness_0.2/henTIwdoLR_large_size_0_20_1_annotation_thresh_gray.png
generate_sample_by_ios_image_size_256_256_thickness_0.2/efKlpNGklL_large_size_0_83_1_color.jpg,generate_sample_by_ios_image_size_256_256_thickness_0.2/efKlpNGklL_large_size_0_83_1_annotation_thresh_gray.png
generate_sample_by_ios_image_size_256_256_thickness_0.2/YuYoxYsNPb_large_size_0_125_1_color.jpg,generate_sample_by_ios_image_size_256_256_thickness_0.2/YuYoxYsNPb_large_size_0_125_1_annotation_thresh_gray.png
generate_sample_by_ios_image_size_256_256_thickness_0.2/cva8U85NyV_large_size_0_89_1_color.jpg,generate_sample_by_ios_image_size_256_256_thickness_0.2/cva8U85NyV_large_size_0_89_1_annotation_thresh_gray.png
generate_sample_by_ios_image_size_256_256_thickness_0.2/mKlC2kxkUy_large_size_0_61_1_color.jpg,generate_sample_by_ios_image_size_256_256_thickness_0.2/mKlC2kxkUy_large_size_0_61_1_annotation_thresh_gray.png
generate_sample_by_ios_image_size_256_256_thickness_0.2/WvOTtrlaoS_random_size_0_71_1_color.jpg,generate_sample_by_ios_image_size_256_256_thickness_0.2/WvOTtrlaoS_random_size_0_71_1_annotation_thresh_gray.png
generate_sample_by_ios_image_size_256_256_thickness_0.2/9B8qbcJeUB_large_size_1_0_1_color.jpg,generate_sample_by_ios_image_size_256_256_thickness_0.2/9B8qbcJeUB_large_size_1_0_1_annotation_thresh_gray.png
generate_sample_by_ios_image_size_256_256_thickness_0.2/sY8XbdHlb7_random_size_0_83_1_color.jpg,generate_sample_by_ios_image_size_256_256_thickness_0.2/sY8XbdHlb7_random_size_0_83_1_annotation_thresh_gray.png
generate_sample_by_ios_image_size_256_256_thickness_0.2/35FFENb4ql_large_size_0_97_1_color.jpg,generate_sample_by_ios_image_size_256_256_thickness_0.2/35FFENb4ql_large_size_0_97_1_annotation_thresh_gray.png
generate_sample_by_ios_image_size_256_256_thickness_0.2/XL6JqajhWN_large_size_1_3_1_color.jpg,generate_sample_by_ios_image_size_256_256_thickness_0.2/XL6JqajhWN_large_size_1_3_1_annotation_thresh_gray.png
generate_sample_by_ios_image_size_256_256_thickness_0.2/oNOGQKJKb0_large_size_0_8_1_color.jpg,generate_sample_by_ios_image_size_256_256_thickness_0.2/oNOGQKJKb0_large_size_0_8_1_annotation_thresh_gray.png
generate_sample_by_ios_image_size_256_256_thickness_0.2/bBGCnBSEk7_random_size_0_126_1_color.jpg,generate_sample_by_ios_image_size_256_256_thickness_0.2/bBGCnBSEk7_random_size_0_126_1_annotation_thresh_gray.png
generate_sample_by_ios_image_size_256_256_thickness_0.2/9sORV95is3_large_size_0_11_1_color.jpg,generate_sample_by_ios_image_size_256_256_thickness_0.2/9sORV95is3_large_size_0_11_1_annotation_thresh_gray.png
generate_sample_by_ios_image_size_256_256_thickness_0.2/2c2iTlpG33_random_size_0_32_1_color.jpg,generate_sample_by_ios_image_size_256_256_thickness_0.2/2c2iTlpG33_random_size_0_32_1_annotation_thresh_gray.png
generate_sample_by_ios_image_size_256_256_thickness_0.2/5KxsE2tlD2_large_size_0_112_1_color.jpg,generate_sample_by_ios_image_size_256_256_thickness_0.2/5KxsE2tlD2_large_size_0_112_1_annotation_thresh_gray.png
generate_sample_by_ios_image_size_256_256_thickness_0.2/vLFpYr2ETp_large_size_0_95_1_color.jpg,generate_sample_by_ios_image_size_256_256_thickness_0.2/vLFpYr2ETp_large_size_0_95_1_annotation_thresh_gray.png
generate_sample_by_ios_image_size_256_256_thickness_0.2/d91iGLPgQc_random_size_1_1_1_color.jpg,generate_sample_by_ios_image_size_256_256_thickness_0.2/d91iGLPgQc_random_size_1_1_1_annotation_thresh_gray.png
generate_sample_by_ios_image_size_256_256_thickness_0.2/ef1c58pWZg_large_size_0_44_1_color.jpg,generate_sample_by_ios_image_size_256_256_thickness_0.2/ef1c58pWZg_large_size_0_44_1_annotation_thresh_gray.png
generate_sample_by_ios_image_size_256_256_thickness_0.2/F8OQhboakn_large_size_0_30_1_color.jpg,generate_sample_by_ios_image_size_256_256_thickness_0.2/F8OQhboakn_large_size_0_30_1_annotation_thresh_gray.png
generate_sample_by_ios_image_size_256_256_thickness_0.2/j5SpbBOjg9_random_size_0_96_1_color.jpg,generate_sample_by_ios_image_size_256_256_thickness_0.2/j5SpbBOjg9_random_size_0_96_1_annotation_thresh_gray.png
generate_sample_by_ios_image_size_256_256_thickness_0.2/XqMcaVrKnt_random_size_0_116_1_color.jpg,generate_sample_by_ios_image_size_256_256_thickness_0.2/XqMcaVrKnt_random_size_0_116_1_annotation_thresh_gray.png
generate_sample_by_ios_image_size_256_256_thickness_0.2/S3T3OnADas_large_size_0_124_1_color.jpg,generate_sample_by_ios_image_size_256_256_thickness_0.2/S3T3OnADas_large_size_0_124_1_annotation_thresh_gray.png
generate_sample_by_ios_image_size_256_256_thickness_0.2/Pcef45bJVq_large_size_0_17_1_color.jpg,generate_sample_by_ios_image_size_256_256_thickness_0.2/Pcef45bJVq_large_size_0_17_1_annotation_thresh_gray.png
generate_sample_by_ios_image_size_256_256_thickness_0.2/ZObul7E86H_random_size_0_87_1_color.jpg,generate_sample_by_ios_image_size_256_256_thickness_0.2/ZObul7E86H_random_size_0_87_1_annotation_thresh_gray.png
generate_sample_by_ios_image_size_256_256_thickness_0.2/y9gkYvkogu_random_size_0_26_1_color.jpg,generate_sample_by_ios_image_size_256_256_thickness_0.2/y9gkYvkogu_random_size_0_26_1_annotation_thresh_gray.png
generate_sample_by_ios_image_size_256_256_thickness_0.2/SnNBMzoszp_large_size_0_104_1_color.jpg,generate_sample_by_ios_image_size_256_256_thickness_0.2/SnNBMzoszp_large_size_0_104_1_annotation_thresh_gray.png
generate_sample_by_ios_image_size_256_256_thickness_0.2/vjFiUOcNEh_large_size_0_111_1_color.jpg,generate_sample_by_ios_image_size_256_256_thickness_0.2/vjFiUOcNEh_large_size_0_111_1_annotation_thresh_gray.png
generate_sample_by_ios_image_size_256_256_thickness_0.2/YIjXzYqpx9_large_size_0_39_1_color.jpg,generate_sample_by_ios_image_size_256_256_thickness_0.2/YIjXzYqpx9_large_size_0_39_1_annotation_thresh_gray.png
generate_sample_by_ios_image_size_256_256_thickness_0.2/K2xoJZbBrv_large_size_0_35_1_color.jpg,generate_sample_by_ios_image_size_256_256_thickness_0.2/K2xoJZbBrv_large_size_0_35_1_annotation_thresh_gray.png
generate_sample_by_ios_image_size_256_256_thickness_0.2/TlRJWDD1nB_large_size_0_128_1_color.jpg,generate_sample_by_ios_image_size_256_256_thickness_0.2/TlRJWDD1nB_large_size_0_128_1_annotation_thresh_gray.png
generate_sample_by_ios_image_size_256_256_thickness_0.2/7t1RUj4nXv_large_size_0_71_1_color.jpg,generate_sample_by_ios_image_size_256_256_thickness_0.2/7t1RUj4nXv_large_size_0_71_1_annotation_thresh_gray.png
generate_sample_by_ios_image_size_256_256_thickness_0.2/ah5U2QTudX_large_size_0_116_1_color.jpg,generate_sample_by_ios_image_size_256_256_thickness_0.2/ah5U2QTudX_large_size_0_116_1_annotation_thresh_gray.png
generate_sample_by_ios_image_size_256_256_thickness_0.2/dgUu3SC6s1_random_size_0_110_1_color.jpg,generate_sample_by_ios_image_size_256_256_thickness_0.2/dgUu3SC6s1_random_size_0_110_1_annotation_thresh_gray.png
generate_sample_by_ios_image_size_256_256_thickness_0.2/ffKgFA1z89_large_size_0_81_1_color.jpg,generate_sample_by_ios_image_size_256_256_thickness_0.2/ffKgFA1z89_large_size_0_81_1_annotation_thresh_gray.png
generate_sample_by_ios_image_size_256_256_thickness_0.2/iqkXO0C0lT_random_size_0_112_1_color.jpg,generate_sample_by_ios_image_size_256_256_thickness_0.2/iqkXO0C0lT_random_size_0_112_1_annotation_thresh_gray.png
generate_sample_by_ios_image_size_256_256_thickness_0.2/O425dYf1Kv_random_size_0_17_1_color.jpg,generate_sample_by_ios_image_size_256_256_thickness_0.2/O425dYf1Kv_random_size_0_17_1_annotation_thresh_gray.png
generate_sample_by_ios_image_size_256_256_thickness_0.2/IYcrjyFBq3_random_size_0_113_1_color.jpg,generate_sample_by_ios_image_size_256_256_thickness_0.2/IYcrjyFBq3_random_size_0_113_1_annotation_thresh_gray.png
generate_sample_by_ios_image_size_256_256_thickness_0.2/jRdt7bCtDa_large_size_0_25_1_color.jpg,generate_sample_by_ios_image_size_256_256_thickness_0.2/jRdt7bCtDa_large_size_0_25_1_annotation_thresh_gray.png
generate_sample_by_ios_image_size_256_256_thickness_0.2/2qKU1Wb4y3_random_size_0_16_1_color.jpg,generate_sample_by_ios_image_size_256_256_thickness_0.2/2qKU1Wb4y3_random_size_0_16_1_annotation_thresh_gray.png
generate_sample_by_ios_image_size_256_256_thickness_0.2/83QJNAVDt5_large_size_0_94_1_color.jpg,generate_sample_by_ios_image_size_256_256_thickness_0.2/83QJNAVDt5_large_size_0_94_1_annotation_thresh_gray.png
generate_sample_by_ios_image_size_256_256_thickness_0.2/tV3Yt4R6QX_random_size_1_0_1_color.jpg,generate_sample_by_ios_image_size_256_256_thickness_0.2/tV3Yt4R6QX_random_size_1_0_1_annotation_thresh_gray.png
generate_sample_by_ios_image_size_256_256_thickness_0.2/SRZ0PiGu33_random_size_0_58_1_color.jpg,generate_sample_by_ios_image_size_256_256_thickness_0.2/SRZ0PiGu33_random_size_0_58_1_annotation_thresh_gray.png
generate_sample_by_ios_image_size_256_256_thickness_0.2/9V7R5KkVr3_large_size_0_23_1_color.jpg,generate_sample_by_ios_image_size_256_256_thickness_0.2/9V7R5KkVr3_large_size_0_23_1_annotation_thresh_gray.png
generate_sample_by_ios_image_size_256_256_thickness_0.2/jFDms95TQQ_large_size_0_70_1_color.jpg,generate_sample_by_ios_image_size_256_256_thickness_0.2/jFDms95TQQ_large_size_0_70_1_annotation_thresh_gray.png
generate_sample_by_ios_image_size_256_256_thickness_0.2/IAoAQ93k5d_large_size_0_87_1_color.jpg,generate_sample_by_ios_image_size_256_256_thickness_0.2/IAoAQ93k5d_large_size_0_87_1_annotation_thresh_gray.png
generate_sample_by_ios_image_size_256_256_thickness_0.2/navRcc3z1U_large_size_0_111_1_color.jpg,generate_sample_by_ios_image_size_256_256_thickness_0.2/navRcc3z1U_large_size_0_111_1_annotation_thresh_gray.png
generate_sample_by_ios_image_size_256_256_thickness_0.2/lOoPQYpex1_large_size_0_126_1_color.jpg,generate_sample_by_ios_image_size_256_256_thickness_0.2/lOoPQYpex1_large_size_0_126_1_annotation_thresh_gray.png
generate_sample_by_ios_image_size_256_256_thickness_0.2/PK0JdQtQ3X_large_size_0_57_1_color.jpg,generate_sample_by_ios_image_size_256_256_thickness_0.2/PK0JdQtQ3X_large_size_0_57_1_annotation_thresh_gray.png
generate_sample_by_ios_image_size_256_256_thickness_0.2/V53XDesXTP_random_size_0_82_1_color.jpg,generate_sample_by_ios_image_size_256_256_thickness_0.2/V53XDesXTP_random_size_0_82_1_annotation_thresh_gray.png
generate_sample_by_ios_image_size_256_256_thickness_0.2/AHaFne3SKg_random_size_0_7_1_color.jpg,generate_sample_by_ios_image_size_256_256_thickness_0.2/AHaFne3SKg_random_size_0_7_1_annotation_thresh_gray.png
generate_sample_by_ios_image_size_256_256_thickness_0.2/fPzqVuA7FU_random_size_0_54_1_color.jpg,generate_sample_by_ios_image_size_256_256_thickness_0.2/fPzqVuA7FU_random_size_0_54_1_annotation_thresh_gray.png
generate_sample_by_ios_image_size_256_256_thickness_0.2/kF1g1E9mss_random_size_0_66_1_color.jpg,generate_sample_by_ios_image_size_256_256_thickness_0.2/kF1g1E9mss_random_size_0_66_1_annotation_thresh_gray.png
generate_sample_by_ios_image_size_256_256_thickness_0.2/cSqSKk2uI5_random_size_0_108_1_color.jpg,generate_sample_by_ios_image_size_256_256_thickness_0.2/cSqSKk2uI5_random_size_0_108_1_annotation_thresh_gray.png
generate_sample_by_ios_image_size_256_256_thickness_0.2/1ZVDwj0Qah_large_size_0_59_1_color.jpg,generate_sample_by_ios_image_size_256_256_thickness_0.2/1ZVDwj0Qah_large_size_0_59_1_annotation_thresh_gray.png
generate_sample_by_ios_image_size_256_256_thickness_0.2/SJo6q7t6jG_random_size_0_74_1_color.jpg,generate_sample_by_ios_image_size_256_256_thickness_0.2/SJo6q7t6jG_random_size_0_74_1_annotation_thresh_gray.png
generate_sample_by_ios_image_size_256_256_thickness_0.2/0A1y619e1I_large_size_0_54_1_color.jpg,generate_sample_by_ios_image_size_256_256_thickness_0.2/0A1y619e1I_large_size_0_54_1_annotation_thresh_gray.png
generate_sample_by_ios_image_size_256_256_thickness_0.2/jhqXifQlrl_large_size_0_53_1_color.jpg,generate_sample_by_ios_image_size_256_256_thickness_0.2/jhqXifQlrl_large_size_0_53_1_annotation_thresh_gray.png
generate_sample_by_ios_image_size_256_256_thickness_0.2/gISvrPt6HH_large_size_0_74_1_color.jpg,generate_sample_by_ios_image_size_256_256_thickness_0.2/gISvrPt6HH_large_size_0_74_1_annotation_thresh_gray.png
generate_sample_by_ios_image_size_256_256_thickness_0.2/xII0u3ivVz_random_size_0_18_1_color.jpg,generate_sample_by_ios_image_size_256_256_thickness_0.2/xII0u3ivVz_random_size_0_18_1_annotation_thresh_gray.png
generate_sample_by_ios_image_size_256_256_thickness_0.2/HjcSIr20Tl_random_size_0_122_1_color.jpg,generate_sample_by_ios_image_size_256_256_thickness_0.2/HjcSIr20Tl_random_size_0_122_1_annotation_thresh_gray.png
generate_sample_by_ios_image_size_256_256_thickness_0.2/Qo2BHlLdVx_large_size_0_85_1_color.jpg,generate_sample_by_ios_image_size_256_256_thickness_0.2/Qo2BHlLdVx_large_size_0_85_1_annotation_thresh_gray.png
generate_sample_by_ios_image_size_256_256_thickness_0.2/GuUoxavZC2_large_size_0_127_1_color.jpg,generate_sample_by_ios_image_size_256_256_thickness_0.2/GuUoxavZC2_large_size_0_127_1_annotation_thresh_gray.png
generate_sample_by_ios_image_size_256_256_thickness_0.2/aIsMtUHtpZ_large_size_0_9_1_color.jpg,generate_sample_by_ios_image_size_256_256_thickness_0.2/aIsMtUHtpZ_large_size_0_9_1_annotation_thresh_gray.png
generate_sample_by_ios_image_size_256_256_thickness_0.2/TjderBMrS5_random_size_0_124_1_color.jpg,generate_sample_by_ios_image_size_256_256_thickness_0.2/TjderBMrS5_random_size_0_124_1_annotation_thresh_gray.png
generate_sample_by_ios_image_size_256_256_thickness_0.2/uXnK8Cqp3k_large_size_0_28_1_color.jpg,generate_sample_by_ios_image_size_256_256_thickness_0.2/uXnK8Cqp3k_large_size_0_28_1_annotation_thresh_gray.png
generate_sample_by_ios_image_size_256_256_thickness_0.2/i4azBuGJba_random_size_0_11_1_color.jpg,generate_sample_by_ios_image_size_256_256_thickness_0.2/i4azBuGJba_random_size_0_11_1_annotation_thresh_gray.png
generate_sample_by_ios_image_size_256_256_thickness_0.2/NogW7S2SlJ_large_size_0_86_1_color.jpg,generate_sample_by_ios_image_size_256_256_thickness_0.2/NogW7S2SlJ_large_size_0_86_1_annotation_thresh_gray.png
generate_sample_by_ios_image_size_256_256_thickness_0.2/GlC79FgG7N_large_size_1_3_1_color.jpg,generate_sample_by_ios_image_size_256_256_thickness_0.2/GlC79FgG7N_large_size_1_3_1_annotation_thresh_gray.png
generate_sample_by_ios_image_size_256_256_thickness_0.2/lp04kKeajS_large_size_0_65_1_color.jpg,generate_sample_by_ios_image_size_256_256_thickness_0.2/lp04kKeajS_large_size_0_65_1_annotation_thresh_gray.png
generate_sample_by_ios_image_size_256_256_thickness_0.2/WZgxjneldT_random_size_0_77_1_color.jpg,generate_sample_by_ios_image_size_256_256_thickness_0.2/WZgxjneldT_random_size_0_77_1_annotation_thresh_gray.png
generate_sample_by_ios_image_size_256_256_thickness_0.2/2WHAiH59yu_large_size_0_54_1_color.jpg,generate_sample_by_ios_image_size_256_256_thickness_0.2/2WHAiH59yu_large_size_0_54_1_annotation_thresh_gray.png
generate_sample_by_ios_image_size_256_256_thickness_0.2/Ow4pUGRHST_large_size_0_113_1_color.jpg,generate_sample_by_ios_image_size_256_256_thickness_0.2/Ow4pUGRHST_large_size_0_113_1_annotation_thresh_gray.png
generate_sample_by_ios_image_size_256_256_thickness_0.2/qCZO3N4CE6_large_size_0_113_1_color.jpg,generate_sample_by_ios_image_size_256_256_thickness_0.2/qCZO3N4CE6_large_size_0_113_1_annotation_thresh_gray.png
generate_sample_by_ios_image_size_256_256_thickness_0.2/y4D8JOiiUm_large_size_0_2_1_color.jpg,generate_sample_by_ios_image_size_256_256_thickness_0.2/y4D8JOiiUm_large_size_0_2_1_annotation_thresh_gray.png
generate_sample_by_ios_image_size_256_256_thickness_0.2/cu8urtbj4p_random_size_0_0_1_color.jpg,generate_sample_by_ios_image_size_256_256_thickness_0.2/cu8urtbj4p_random_size_0_0_1_annotation_thresh_gray.png
generate_sample_by_ios_image_size_256_256_thickness_0.2/gboTYLsqxR_random_size_0_2_1_color.jpg,generate_sample_by_ios_image_size_256_256_thickness_0.2/gboTYLsqxR_random_size_0_2_1_annotation_thresh_gray.png
generate_sample_by_ios_image_size_256_256_thickness_0.2/8tck8CYP2C_random_size_0_29_1_color.jpg,generate_sample_by_ios_image_size_256_256_thickness_0.2/8tck8CYP2C_random_size_0_29_1_annotation_thresh_gray.png
generate_sample_by_ios_image_size_256_256_thickness_0.2/babTNisdLY_random_size_0_35_1_color.jpg,generate_sample_by_ios_image_size_256_256_thickness_0.2/babTNisdLY_random_size_0_35_1_annotation_thresh_gray.png
generate_sample_by_ios_image_size_256_256_thickness_0.2/26sCQPlALq_large_size_0_24_1_color.jpg,generate_sample_by_ios_image_size_256_256_thickness_0.2/26sCQPlALq_large_size_0_24_1_annotation_thresh_gray.png
generate_sample_by_ios_image_size_256_256_thickness_0.2/rjZ9TqItln_large_size_0_100_1_color.jpg,generate_sample_by_ios_image_size_256_256_thickness_0.2/rjZ9TqItln_large_size_0_100_1_annotation_thresh_gray.png
generate_sample_by_ios_image_size_256_256_thickness_0.2/S01xQ6rHTk_random_size_0_33_1_color.jpg,generate_sample_by_ios_image_size_256_256_thickness_0.2/S01xQ6rHTk_random_size_0_33_1_annotation_thresh_gray.png
generate_sample_by_ios_image_size_256_256_thickness_0.2/eL8CVbu1Yf_large_size_0_31_1_color.jpg,generate_sample_by_ios_image_size_256_256_thickness_0.2/eL8CVbu1Yf_large_size_0_31_1_annotation_thresh_gray.png
generate_sample_by_ios_image_size_256_256_thickness_0.2/x8KWMtFHfl_random_size_0_100_1_color.jpg,generate_sample_by_ios_image_size_256_256_thickness_0.2/x8KWMtFHfl_random_size_0_100_1_annotation_thresh_gray.png
generate_sample_by_ios_image_size_256_256_thickness_0.2/MQnKNWxOcH_large_size_0_128_1_color.jpg,generate_sample_by_ios_image_size_256_256_thickness_0.2/MQnKNWxOcH_large_size_0_128_1_annotation_thresh_gray.png
generate_sample_by_ios_image_size_256_256_thickness_0.2/m5d3sUV0jw_large_size_0_64_1_color.jpg,generate_sample_by_ios_image_size_256_256_thickness_0.2/m5d3sUV0jw_large_size_0_64_1_annotation_thresh_gray.png
generate_sample_by_ios_image_size_256_256_thickness_0.2/2NzxQtWGSh_random_size_0_34_1_color.jpg,generate_sample_by_ios_image_size_256_256_thickness_0.2/2NzxQtWGSh_random_size_0_34_1_annotation_thresh_gray.png
generate_sample_by_ios_image_size_256_256_thickness_0.2/8XbQ7nNQUV_large_size_0_101_1_color.jpg,generate_sample_by_ios_image_size_256_256_thickness_0.2/8XbQ7nNQUV_large_size_0_101_1_annotation_thresh_gray.png
generate_sample_by_ios_image_size_256_256_thickness_0.2/4Yin6Fiodq_large_size_0_49_1_color.jpg,generate_sample_by_ios_image_size_256_256_thickness_0.2/4Yin6Fiodq_large_size_0_49_1_annotation_thresh_gray.png
generate_sample_by_ios_image_size_256_256_thickness_0.2/SAd1sWbcgi_large_size_0_86_1_color.jpg,generate_sample_by_ios_image_size_256_256_thickness_0.2/SAd1sWbcgi_large_size_0_86_1_annotation_thresh_gray.png
generate_sample_by_ios_image_size_256_256_thickness_0.2/ZZa0gZqXK6_large_size_0_118_1_color.jpg,generate_sample_by_ios_image_size_256_256_thickness_0.2/ZZa0gZqXK6_large_size_0_118_1_annotation_thresh_gray.png
generate_sample_by_ios_image_size_256_256_thickness_0.2/JDpuuSkqL5_large_size_0_73_1_color.jpg,generate_sample_by_ios_image_size_256_256_thickness_0.2/JDpuuSkqL5_large_size_0_73_1_annotation_thresh_gray.png
generate_sample_by_ios_image_size_256_256_thickness_0.2/CeVQYugFru_random_size_0_52_1_color.jpg,generate_sample_by_ios_image_size_256_256_thickness_0.2/CeVQYugFru_random_size_0_52_1_annotation_thresh_gray.png
generate_sample_by_ios_image_size_256_256_thickness_0.2/B8xEcAo8Jz_random_size_0_107_1_color.jpg,generate_sample_by_ios_image_size_256_256_thickness_0.2/B8xEcAo8Jz_random_size_0_107_1_annotation_thresh_gray.png
generate_sample_by_ios_image_size_256_256_thickness_0.2/WN2YrzKaK4_large_size_0_14_1_color.jpg,generate_sample_by_ios_image_size_256_256_thickness_0.2/WN2YrzKaK4_large_size_0_14_1_annotation_thresh_gray.png
generate_sample_by_ios_image_size_256_256_thickness_0.2/0mLhS7glnc_large_size_0_121_1_color.jpg,generate_sample_by_ios_image_size_256_256_thickness_0.2/0mLhS7glnc_large_size_0_121_1_annotation_thresh_gray.png
generate_sample_by_ios_image_size_256_256_thickness_0.2/8bjqzVuLNi_large_size_0_92_1_color.jpg,generate_sample_by_ios_image_size_256_256_thickness_0.2/8bjqzVuLNi_large_size_0_92_1_annotation_thresh_gray.png
generate_sample_by_ios_image_size_256_256_thickness_0.2/Ai7eD44zBN_large_size_0_101_1_color.jpg,generate_sample_by_ios_image_size_256_256_thickness_0.2/Ai7eD44zBN_large_size_0_101_1_annotation_thresh_gray.png
generate_sample_by_ios_image_size_256_256_thickness_0.2/1dqRUNjzGj_large_size_0_90_1_color.jpg,generate_sample_by_ios_image_size_256_256_thickness_0.2/1dqRUNjzGj_large_size_0_90_1_annotation_thresh_gray.png
generate_sample_by_ios_image_size_256_256_thickness_0.2/yscFYfjDfz_large_size_0_55_1_color.jpg,generate_sample_by_ios_image_size_256_256_thickness_0.2/yscFYfjDfz_large_size_0_55_1_annotation_thresh_gray.png
generate_sample_by_ios_image_size_256_256_thickness_0.2/MxH7Tua7nd_large_size_0_16_1_color.jpg,generate_sample_by_ios_image_size_256_256_thickness_0.2/MxH7Tua7nd_large_size_0_16_1_annotation_thresh_gray.png
generate_sample_by_ios_image_size_256_256_thickness_0.2/QRi7rNZglg_large_size_0_84_1_color.jpg,generate_sample_by_ios_image_size_256_256_thickness_0.2/QRi7rNZglg_large_size_0_84_1_annotation_thresh_gray.png
generate_sample_by_ios_image_size_256_256_thickness_0.2/get5RfIDVb_random_size_0_13_1_color.jpg,generate_sample_by_ios_image_size_256_256_thickness_0.2/get5RfIDVb_random_size_0_13_1_annotation_thresh_gray.png
generate_sample_by_ios_image_size_256_256_thickness_0.2/KJAxHMZF83_random_size_0_6_1_color.jpg,generate_sample_by_ios_image_size_256_256_thickness_0.2/KJAxHMZF83_random_size_0_6_1_annotation_thresh_gray.png
generate_sample_by_ios_image_size_256_256_thickness_0.2/jZeBUptuSJ_large_size_0_110_1_color.jpg,generate_sample_by_ios_image_size_256_256_thickness_0.2/jZeBUptuSJ_large_size_0_110_1_annotation_thresh_gray.png
generate_sample_by_ios_image_size_256_256_thickness_0.2/yD9e7t7Z6y_large_size_1_1_1_color.jpg,generate_sample_by_ios_image_size_256_256_thickness_0.2/yD9e7t7Z6y_large_size_1_1_1_annotation_thresh_gray.png
generate_sample_by_ios_image_size_256_256_thickness_0.2/c2Qok5jg3f_large_size_0_40_1_color.jpg,generate_sample_by_ios_image_size_256_256_thickness_0.2/c2Qok5jg3f_large_size_0_40_1_annotation_thresh_gray.png
generate_sample_by_ios_image_size_256_256_thickness_0.2/TLP30Rgqin_random_size_0_67_1_color.jpg,generate_sample_by_ios_image_size_256_256_thickness_0.2/TLP30Rgqin_random_size_0_67_1_annotation_thresh_gray.png
generate_sample_by_ios_image_size_256_256_thickness_0.2/EklnZs2iyP_large_size_0_29_1_color.jpg,generate_sample_by_ios_image_size_256_256_thickness_0.2/EklnZs2iyP_large_size_0_29_1_annotation_thresh_gray.png
generate_sample_by_ios_image_size_256_256_thickness_0.2/NJYB2dNui5_large_size_0_108_1_color.jpg,generate_sample_by_ios_image_size_256_256_thickness_0.2/NJYB2dNui5_large_size_0_108_1_annotation_thresh_gray.png
generate_sample_by_ios_image_size_256_256_thickness_0.2/MsAYibS400_random_size_0_31_1_color.jpg,generate_sample_by_ios_image_size_256_256_thickness_0.2/MsAYibS400_random_size_0_31_1_annotation_thresh_gray.png
generate_sample_by_ios_image_size_256_256_thickness_0.2/9Yw9fjXjGl_random_size_0_1_1_color.jpg,generate_sample_by_ios_image_size_256_256_thickness_0.2/9Yw9fjXjGl_random_size_0_1_1_annotation_thresh_gray.png
generate_sample_by_ios_image_size_256_256_thickness_0.2/ZUTYwOaAUw_large_size_0_126_1_color.jpg,generate_sample_by_ios_image_size_256_256_thickness_0.2/ZUTYwOaAUw_large_size_0_126_1_annotation_thresh_gray.png
generate_sample_by_ios_image_size_256_256_thickness_0.2/qzp8Sw5D2g_large_size_0_73_1_color.jpg,generate_sample_by_ios_image_size_256_256_thickness_0.2/qzp8Sw5D2g_large_size_0_73_1_annotation_thresh_gray.png
generate_sample_by_ios_image_size_256_256_thickness_0.2/tyrksXpFme_large_size_0_118_1_color.jpg,generate_sample_by_ios_image_size_256_256_thickness_0.2/tyrksXpFme_large_size_0_118_1_annotation_thresh_gray.png
generate_sample_by_ios_image_size_256_256_thickness_0.2/tZ0kY4tYJh_large_size_0_19_1_color.jpg,generate_sample_by_ios_image_size_256_256_thickness_0.2/tZ0kY4tYJh_large_size_0_19_1_annotation_thresh_gray.png
generate_sample_by_ios_image_size_256_256_thickness_0.2/CuCBA1MEIs_large_size_0_63_1_color.jpg,generate_sample_by_ios_image_size_256_256_thickness_0.2/CuCBA1MEIs_large_size_0_63_1_annotation_thresh_gray.png
generate_sample_by_ios_image_size_256_256_thickness_0.2/qX3yO1TRXx_random_size_0_50_1_color.jpg,generate_sample_by_ios_image_size_256_256_thickness_0.2/qX3yO1TRXx_random_size_0_50_1_annotation_thresh_gray.png
generate_sample_by_ios_image_size_256_256_thickness_0.2/CE6AyqIWFo_large_size_0_117_1_color.jpg,generate_sample_by_ios_image_size_256_256_thickness_0.2/CE6AyqIWFo_large_size_0_117_1_annotation_thresh_gray.png
generate_sample_by_ios_image_size_256_256_thickness_0.2/NfnMsrLeuR_random_size_0_64_1_color.jpg,generate_sample_by_ios_image_size_256_256_thickness_0.2/NfnMsrLeuR_random_size_0_64_1_annotation_thresh_gray.png
generate_sample_by_ios_image_size_256_256_thickness_0.2/LpZTAXoBFb_large_size_0_5_1_color.jpg,generate_sample_by_ios_image_size_256_256_thickness_0.2/LpZTAXoBFb_large_size_0_5_1_annotation_thresh_gray.png
generate_sample_by_ios_image_size_256_256_thickness_0.2/gGvGHxEhO0_large_size_0_51_1_color.jpg,generate_sample_by_ios_image_size_256_256_thickness_0.2/gGvGHxEhO0_large_size_0_51_1_annotation_thresh_gray.png
generate_sample_by_ios_image_size_256_256_thickness_0.2/ANMCUkbvzK_large_size_0_84_1_color.jpg,generate_sample_by_ios_image_size_256_256_thickness_0.2/ANMCUkbvzK_large_size_0_84_1_annotation_thresh_gray.png
generate_sample_by_ios_image_size_256_256_thickness_0.2/MeNAQuObiE_random_size_0_57_1_color.jpg,generate_sample_by_ios_image_size_256_256_thickness_0.2/MeNAQuObiE_random_size_0_57_1_annotation_thresh_gray.png
generate_sample_by_ios_image_size_256_256_thickness_0.2/tUb7QNWtI0_large_size_0_107_1_color.jpg,generate_sample_by_ios_image_size_256_256_thickness_0.2/tUb7QNWtI0_large_size_0_107_1_annotation_thresh_gray.png
generate_sample_by_ios_image_size_256_256_thickness_0.2/5PNYcJeMB9_large_size_0_34_1_color.jpg,generate_sample_by_ios_image_size_256_256_thickness_0.2/5PNYcJeMB9_large_size_0_34_1_annotation_thresh_gray.png
generate_sample_by_ios_image_size_256_256_thickness_0.2/ps1h9iJFAR_large_size_0_33_1_color.jpg,generate_sample_by_ios_image_size_256_256_thickness_0.2/ps1h9iJFAR_large_size_0_33_1_annotation_thresh_gray.png
generate_sample_by_ios_image_size_256_256_thickness_0.2/UbvU9KuDPK_random_size_0_123_1_color.jpg,generate_sample_by_ios_image_size_256_256_thickness_0.2/UbvU9KuDPK_random_size_0_123_1_annotation_thresh_gray.png
generate_sample_by_ios_image_size_256_256_thickness_0.2/cHOspNUICL_random_size_0_3_1_color.jpg,generate_sample_by_ios_image_size_256_256_thickness_0.2/cHOspNUICL_random_size_0_3_1_annotation_thresh_gray.png
generate_sample_by_ios_image_size_256_256_thickness_0.2/tWxyBKf99D_random_size_0_12_1_color.jpg,generate_sample_by_ios_image_size_256_256_thickness_0.2/tWxyBKf99D_random_size_0_12_1_annotation_thresh_gray.png
generate_sample_by_ios_image_size_256_256_thickness_0.2/NajFMsT6d7_random_size_0_93_1_color.jpg,generate_sample_by_ios_image_size_256_256_thickness_0.2/NajFMsT6d7_random_size_0_93_1_annotation_thresh_gray.png
generate_sample_by_ios_image_size_256_256_thickness_0.2/3XlW5HHO1u_random_size_1_4_1_color.jpg,generate_sample_by_ios_image_size_256_256_thickness_0.2/3XlW5HHO1u_random_size_1_4_1_annotation_thresh_gray.png
generate_sample_by_ios_image_size_256_256_thickness_0.2/PQpftdRkTT_large_size_0_15_1_color.jpg,generate_sample_by_ios_image_size_256_256_thickness_0.2/PQpftdRkTT_large_size_0_15_1_annotation_thresh_gray.png
generate_sample_by_ios_image_size_256_256_thickness_0.2/H4QqAnotYm_large_size_0_66_1_color.jpg,generate_sample_by_ios_image_size_256_256_thickness_0.2/H4QqAnotYm_large_size_0_66_1_annotation_thresh_gray.png
generate_sample_by_ios_image_size_256_256_thickness_0.2/hKwzUfpI4Y_large_size_0_47_1_color.jpg,generate_sample_by_ios_image_size_256_256_thickness_0.2/hKwzUfpI4Y_large_size_0_47_1_annotation_thresh_gray.png
generate_sample_by_ios_image_size_256_256_thickness_0.2/5VHgsdzG7u_large_size_0_121_1_color.jpg,generate_sample_by_ios_image_size_256_256_thickness_0.2/5VHgsdzG7u_large_size_0_121_1_annotation_thresh_gray.png
generate_sample_by_ios_image_size_256_256_thickness_0.2/Y4u9m8HaYd_random_size_0_92_1_color.jpg,generate_sample_by_ios_image_size_256_256_thickness_0.2/Y4u9m8HaYd_random_size_0_92_1_annotation_thresh_gray.png
generate_sample_by_ios_image_size_256_256_thickness_0.2/9BbMPdGeFb_random_size_0_76_1_color.jpg,generate_sample_by_ios_image_size_256_256_thickness_0.2/9BbMPdGeFb_random_size_0_76_1_annotation_thresh_gray.png
generate_sample_by_ios_image_size_256_256_thickness_0.2/cqGAHluO7B_large_size_0_38_1_color.jpg,generate_sample_by_ios_image_size_256_256_thickness_0.2/cqGAHluO7B_large_size_0_38_1_annotation_thresh_gray.png
generate_sample_by_ios_image_size_256_256_thickness_0.2/8Dq7HCnmYm_random_size_0_101_1_color.jpg,generate_sample_by_ios_image_size_256_256_thickness_0.2/8Dq7HCnmYm_random_size_0_101_1_annotation_thresh_gray.png
generate_sample_by_ios_image_size_256_256_thickness_0.2/jCpdBjnwsK_large_size_0_56_1_color.jpg,generate_sample_by_ios_image_size_256_256_thickness_0.2/jCpdBjnwsK_large_size_0_56_1_annotation_thresh_gray.png
generate_sample_by_ios_image_size_256_256_thickness_0.2/0CR2psFciA_random_size_0_44_1_color.jpg,generate_sample_by_ios_image_size_256_256_thickness_0.2/0CR2psFciA_random_size_0_44_1_annotation_thresh_gray.png
generate_sample_by_ios_image_size_256_256_thickness_0.2/n5MWQjUbIY_large_size_0_37_1_color.jpg,generate_sample_by_ios_image_size_256_256_thickness_0.2/n5MWQjUbIY_large_size_0_37_1_annotation_thresh_gray.png
generate_sample_by_ios_image_size_256_256_thickness_0.2/4Vv0wSJDPS_large_size_0_106_1_color.jpg,generate_sample_by_ios_image_size_256_256_thickness_0.2/4Vv0wSJDPS_large_size_0_106_1_annotation_thresh_gray.png
generate_sample_by_ios_image_size_256_256_thickness_0.2/Ep9Ocoza7M_large_size_0_63_1_color.jpg,generate_sample_by_ios_image_size_256_256_thickness_0.2/Ep9Ocoza7M_large_size_0_63_1_annotation_thresh_gray.png
generate_sample_by_ios_image_size_256_256_thickness_0.2/dPB1R2W5uR_large_size_0_69_1_color.jpg,generate_sample_by_ios_image_size_256_256_thickness_0.2/dPB1R2W5uR_large_size_0_69_1_annotation_thresh_gray.png
generate_sample_by_ios_image_size_256_256_thickness_0.2/7kZwzS7Um1_random_size_0_47_1_color.jpg,generate_sample_by_ios_image_size_256_256_thickness_0.2/7kZwzS7Um1_random_size_0_47_1_annotation_thresh_gray.png
generate_sample_by_ios_image_size_256_256_thickness_0.2/p0C3GlYhwM_large_size_0_93_1_color.jpg,generate_sample_by_ios_image_size_256_256_thickness_0.2/p0C3GlYhwM_large_size_0_93_1_annotation_thresh_gray.png
generate_sample_by_ios_image_size_256_256_thickness_0.2/S7bAKP5r29_large_size_0_47_1_color.jpg,generate_sample_by_ios_image_size_256_256_thickness_0.2/S7bAKP5r29_large_size_0_47_1_annotation_thresh_gray.png
generate_sample_by_ios_image_size_256_256_thickness_0.2/OvhZOH3gTl_large_size_0_62_1_color.jpg,generate_sample_by_ios_image_size_256_256_thickness_0.2/OvhZOH3gTl_large_size_0_62_1_annotation_thresh_gray.png
generate_sample_by_ios_image_size_256_256_thickness_0.2/Kp8BksGQQR_large_size_0_120_1_color.jpg,generate_sample_by_ios_image_size_256_256_thickness_0.2/Kp8BksGQQR_large_size_0_120_1_annotation_thresh_gray.png
generate_sample_by_ios_image_size_256_256_thickness_0.2/fuHA5pkph7_random_size_0_56_1_color.jpg,generate_sample_by_ios_image_size_256_256_thickness_0.2/fuHA5pkph7_random_size_0_56_1_annotation_thresh_gray.png
generate_sample_by_ios_image_size_256_256_thickness_0.2/3cOx8Ngxh5_large_size_1_1_1_color.jpg,generate_sample_by_ios_image_size_256_256_thickness_0.2/3cOx8Ngxh5_large_size_1_1_1_annotation_thresh_gray.png
generate_sample_by_ios_image_size_256_256_thickness_0.2/xBoWQE5IMA_large_size_0_21_1_color.jpg,generate_sample_by_ios_image_size_256_256_thickness_0.2/xBoWQE5IMA_large_size_0_21_1_annotation_thresh_gray.png
generate_sample_by_ios_image_size_256_256_thickness_0.2/pp7BTENPI4_large_size_0_37_1_color.jpg,generate_sample_by_ios_image_size_256_256_thickness_0.2/pp7BTENPI4_large_size_0_37_1_annotation_thresh_gray.png
generate_sample_by_ios_image_size_256_256_thickness_0.2/xN8fIpDzYT_large_size_0_124_1_color.jpg,generate_sample_by_ios_image_size_256_256_thickness_0.2/xN8fIpDzYT_large_size_0_124_1_annotation_thresh_gray.png
generate_sample_by_ios_image_size_256_256_thickness_0.2/1857raBMgr_random_size_0_53_1_color.jpg,generate_sample_by_ios_image_size_256_256_thickness_0.2/1857raBMgr_random_size_0_53_1_annotation_thresh_gray.png
generate_sample_by_ios_image_size_256_256_thickness_0.2/U2IZ3HL7GF_large_size_0_102_1_color.jpg,generate_sample_by_ios_image_size_256_256_thickness_0.2/U2IZ3HL7GF_large_size_0_102_1_annotation_thresh_gray.png
generate_sample_by_ios_image_size_256_256_thickness_0.2/pZxd96RE3K_random_size_0_117_1_color.jpg,generate_sample_by_ios_image_size_256_256_thickness_0.2/pZxd96RE3K_random_size_0_117_1_annotation_thresh_gray.png
generate_sample_by_ios_image_size_256_256_thickness_0.2/YKDlesVsBP_large_size_0_88_1_color.jpg,generate_sample_by_ios_image_size_256_256_thickness_0.2/YKDlesVsBP_large_size_0_88_1_annotation_thresh_gray.png
generate_sample_by_ios_image_size_256_256_thickness_0.2/EMvWKRXnkd_random_size_0_78_1_color.jpg,generate_sample_by_ios_image_size_256_256_thickness_0.2/EMvWKRXnkd_random_size_0_78_1_annotation_thresh_gray.png
generate_sample_by_ios_image_size_256_256_thickness_0.2/II1VcLhH5S_random_size_0_21_1_color.jpg,generate_sample_by_ios_image_size_256_256_thickness_0.2/II1VcLhH5S_random_size_0_21_1_annotation_thresh_gray.png
generate_sample_by_ios_image_size_256_256_thickness_0.2/Jbd5ThxwP3_large_size_0_24_1_color.jpg,generate_sample_by_ios_image_size_256_256_thickness_0.2/Jbd5ThxwP3_large_size_0_24_1_annotation_thresh_gray.png
generate_sample_by_ios_image_size_256_256_thickness_0.2/gjV9nncjkL_random_size_0_63_1_color.jpg,generate_sample_by_ios_image_size_256_256_thickness_0.2/gjV9nncjkL_random_size_0_63_1_annotation_thresh_gray.png
generate_sample_by_ios_image_size_256_256_thickness_0.2/KxH81xQnPg_large_size_0_45_1_color.jpg,generate_sample_by_ios_image_size_256_256_thickness_0.2/KxH81xQnPg_large_size_0_45_1_annotation_thresh_gray.png
generate_sample_by_ios_image_size_256_256_thickness_0.2/hEcsHF7imJ_large_size_0_127_1_color.jpg,generate_sample_by_ios_image_size_256_256_thickness_0.2/hEcsHF7imJ_large_size_0_127_1_annotation_thresh_gray.png
generate_sample_by_ios_image_size_256_256_thickness_0.2/IkWrcKwRrd_large_size_0_46_1_color.jpg,generate_sample_by_ios_image_size_256_256_thickness_0.2/IkWrcKwRrd_large_size_0_46_1_annotation_thresh_gray.png
generate_sample_by_ios_image_size_256_256_thickness_0.2/sXBgrEihti_large_size_0_108_1_color.jpg,generate_sample_by_ios_image_size_256_256_thickness_0.2/sXBgrEihti_large_size_0_108_1_annotation_thresh_gray.png
generate_sample_by_ios_image_size_256_256_thickness_0.2/aax89UbiGN_large_size_0_64_1_color.jpg,generate_sample_by_ios_image_size_256_256_thickness_0.2/aax89UbiGN_large_size_0_64_1_annotation_thresh_gray.png
generate_sample_by_ios_image_size_256_256_thickness_0.2/aVQhDtEB5I_large_size_0_100_1_color.jpg,generate_sample_by_ios_image_size_256_256_thickness_0.2/aVQhDtEB5I_large_size_0_100_1_annotation_thresh_gray.png
generate_sample_by_ios_image_size_256_256_thickness_0.2/1Pwq65Olfr_large_size_0_27_1_color.jpg,generate_sample_by_ios_image_size_256_256_thickness_0.2/1Pwq65Olfr_large_size_0_27_1_annotation_thresh_gray.png
generate_sample_by_ios_image_size_256_256_thickness_0.2/t545ECuPSA_random_size_0_86_1_color.jpg,generate_sample_by_ios_image_size_256_256_thickness_0.2/t545ECuPSA_random_size_0_86_1_annotation_thresh_gray.png
generate_sample_by_ios_image_size_256_256_thickness_0.2/HcdRn5KnN0_large_size_0_44_1_color.jpg,generate_sample_by_ios_image_size_256_256_thickness_0.2/HcdRn5KnN0_large_size_0_44_1_annotation_thresh_gray.png
generate_sample_by_ios_image_size_256_256_thickness_0.2/U6p6dPrUxm_large_size_0_112_1_color.jpg,generate_sample_by_ios_image_size_256_256_thickness_0.2/U6p6dPrUxm_large_size_0_112_1_annotation_thresh_gray.png
generate_sample_by_ios_image_size_256_256_thickness_0.2/bERIoJrbFJ_large_size_0_1_1_color.jpg,generate_sample_by_ios_image_size_256_256_thickness_0.2/bERIoJrbFJ_large_size_0_1_1_annotation_thresh_gray.png
generate_sample_by_ios_image_size_256_256_thickness_0.2/txpIOWVZkd_large_size_0_50_1_color.jpg,generate_sample_by_ios_image_size_256_256_thickness_0.2/txpIOWVZkd_large_size_0_50_1_annotation_thresh_gray.png
generate_sample_by_ios_image_size_256_256_thickness_0.2/t2jYX8Jo2T_large_size_0_31_1_color.jpg,generate_sample_by_ios_image_size_256_256_thickness_0.2/t2jYX8Jo2T_large_size_0_31_1_annotation_thresh_gray.png
generate_sample_by_ios_image_size_256_256_thickness_0.2/8bsz3jNQHW_random_size_0_84_1_color.jpg,generate_sample_by_ios_image_size_256_256_thickness_0.2/8bsz3jNQHW_random_size_0_84_1_annotation_thresh_gray.png
generate_sample_by_ios_image_size_256_256_thickness_0.2/DlndiibT0G_large_size_0_98_1_color.jpg,generate_sample_by_ios_image_size_256_256_thickness_0.2/DlndiibT0G_large_size_0_98_1_annotation_thresh_gray.png
generate_sample_by_ios_image_size_256_256_thickness_0.2/m9R5QGeGfo_large_size_0_67_1_color.jpg,generate_sample_by_ios_image_size_256_256_thickness_0.2/m9R5QGeGfo_large_size_0_67_1_annotation_thresh_gray.png
generate_sample_by_ios_image_size_256_256_thickness_0.2/1tRSCmYKjo_large_size_0_61_1_color.jpg,generate_sample_by_ios_image_size_256_256_thickness_0.2/1tRSCmYKjo_large_size_0_61_1_annotation_thresh_gray.png
generate_sample_by_ios_image_size_256_256_thickness_0.2/gkYk2Pc4qH_large_size_0_57_1_color.jpg,generate_sample_by_ios_image_size_256_256_thickness_0.2/gkYk2Pc4qH_large_size_0_57_1_annotation_thresh_gray.png
generate_sample_by_ios_image_size_256_256_thickness_0.2/BmErojpNjG_large_size_0_77_1_color.jpg,generate_sample_by_ios_image_size_256_256_thickness_0.2/BmErojpNjG_large_size_0_77_1_annotation_thresh_gray.png
generate_sample_by_ios_image_size_256_256_thickness_0.2/GIRh7Gk1ug_large_size_0_117_1_color.jpg,generate_sample_by_ios_image_size_256_256_thickness_0.2/GIRh7Gk1ug_large_size_0_117_1_annotation_thresh_gray.png
generate_sample_by_ios_image_size_256_256_thickness_0.2/MyNmIlUYxO_random_size_0_69_1_color.jpg,generate_sample_by_ios_image_size_256_256_thickness_0.2/MyNmIlUYxO_random_size_0_69_1_annotation_thresh_gray.png
generate_sample_by_ios_image_size_256_256_thickness_0.2/twRw610dbz_large_size_0_46_1_color.jpg,generate_sample_by_ios_image_size_256_256_thickness_0.2/twRw610dbz_large_size_0_46_1_annotation_thresh_gray.png
generate_sample_by_ios_image_size_256_256_thickness_0.2/CHe1V5o8GU_large_size_0_9_1_color.jpg,generate_sample_by_ios_image_size_256_256_thickness_0.2/CHe1V5o8GU_large_size_0_9_1_annotation_thresh_gray.png
generate_sample_by_ios_image_size_256_256_thickness_0.2/6qpbiwZwMC_large_size_0_110_1_color.jpg,generate_sample_by_ios_image_size_256_256_thickness_0.2/6qpbiwZwMC_large_size_0_110_1_annotation_thresh_gray.png
generate_sample_by_ios_image_size_256_256_thickness_0.2/DOUuSPUSs1_large_size_0_60_1_color.jpg,generate_sample_by_ios_image_size_256_256_thickness_0.2/DOUuSPUSs1_large_size_0_60_1_annotation_thresh_gray.png
generate_sample_by_ios_image_size_256_256_thickness_0.2/hXJD5tlYlL_random_size_0_42_1_color.jpg,generate_sample_by_ios_image_size_256_256_thickness_0.2/hXJD5tlYlL_random_size_0_42_1_annotation_thresh_gray.png
generate_sample_by_ios_image_size_256_256_thickness_0.2/lVEhifrPul_large_size_0_7_1_color.jpg,generate_sample_by_ios_image_size_256_256_thickness_0.2/lVEhifrPul_large_size_0_7_1_annotation_thresh_gray.png
generate_sample_by_ios_image_size_256_256_thickness_0.2/HD21OXddqA_random_size_0_15_1_color.jpg,generate_sample_by_ios_image_size_256_256_thickness_0.2/HD21OXddqA_random_size_0_15_1_annotation_thresh_gray.png
generate_sample_by_ios_image_size_256_256_thickness_0.2/dpsvY1KxUr_random_size_0_43_1_color.jpg,generate_sample_by_ios_image_size_256_256_thickness_0.2/dpsvY1KxUr_random_size_0_43_1_annotation_thresh_gray.png
generate_sample_by_ios_image_size_256_256_thickness_0.2/nIHrmuvJXw_large_size_0_115_1_color.jpg,generate_sample_by_ios_image_size_256_256_thickness_0.2/nIHrmuvJXw_large_size_0_115_1_annotation_thresh_gray.png
generate_sample_by_ios_image_size_256_256_thickness_0.2/0ZU6rR2YAe_random_size_0_105_1_color.jpg,generate_sample_by_ios_image_size_256_256_thickness_0.2/0ZU6rR2YAe_random_size_0_105_1_annotation_thresh_gray.png
generate_sample_by_ios_image_size_256_256_thickness_0.2/NAvMLUWNkm_random_size_0_20_1_color.jpg,generate_sample_by_ios_image_size_256_256_thickness_0.2/NAvMLUWNkm_random_size_0_20_1_annotation_thresh_gray.png
generate_sample_by_ios_image_size_256_256_thickness_0.2/iewRAgNUUl_large_size_0_43_1_color.jpg,generate_sample_by_ios_image_size_256_256_thickness_0.2/iewRAgNUUl_large_size_0_43_1_annotation_thresh_gray.png
generate_sample_by_ios_image_size_256_256_thickness_0.2/WSDljqPSyO_large_size_0_6_1_color.jpg,generate_sample_by_ios_image_size_256_256_thickness_0.2/WSDljqPSyO_large_size_0_6_1_annotation_thresh_gray.png
generate_sample_by_ios_image_size_256_256_thickness_0.2/O0JCpCJzoQ_random_size_0_5_1_color.jpg,generate_sample_by_ios_image_size_256_256_thickness_0.2/O0JCpCJzoQ_random_size_0_5_1_annotation_thresh_gray.png
generate_sample_by_ios_image_size_256_256_thickness_0.2/5dHlFvWc9d_large_size_0_59_1_color.jpg,generate_sample_by_ios_image_size_256_256_thickness_0.2/5dHlFvWc9d_large_size_0_59_1_annotation_thresh_gray.png
generate_sample_by_ios_image_size_256_256_thickness_0.2/AUCq3YGRHY_random_size_0_81_1_color.jpg,generate_sample_by_ios_image_size_256_256_thickness_0.2/AUCq3YGRHY_random_size_0_81_1_annotation_thresh_gray.png
generate_sample_by_ios_image_size_256_256_thickness_0.2/3pZJL4nDcZ_large_size_0_99_1_color.jpg,generate_sample_by_ios_image_size_256_256_thickness_0.2/3pZJL4nDcZ_large_size_0_99_1_annotation_thresh_gray.png
generate_sample_by_ios_image_size_256_256_thickness_0.2/dpYoHraihn_large_size_0_83_1_color.jpg,generate_sample_by_ios_image_size_256_256_thickness_0.2/dpYoHraihn_large_size_0_83_1_annotation_thresh_gray.png
generate_sample_by_ios_image_size_256_256_thickness_0.2/hoLLrpkraB_large_size_0_69_1_color.jpg,generate_sample_by_ios_image_size_256_256_thickness_0.2/hoLLrpkraB_large_size_0_69_1_annotation_thresh_gray.png
generate_sample_by_ios_image_size_256_256_thickness_0.2/jSNtxltUUo_random_size_0_127_1_color.jpg,generate_sample_by_ios_image_size_256_256_thickness_0.2/jSNtxltUUo_random_size_0_127_1_annotation_thresh_gray.png
generate_sample_by_ios_image_size_256_256_thickness_0.2/698zLWVbcJ_large_size_0_1_1_color.jpg,generate_sample_by_ios_image_size_256_256_thickness_0.2/698zLWVbcJ_large_size_0_1_1_annotation_thresh_gray.png
generate_sample_by_ios_image_size_256_256_thickness_0.2/rexNxReMDv_large_size_0_18_1_color.jpg,generate_sample_by_ios_image_size_256_256_thickness_0.2/rexNxReMDv_large_size_0_18_1_annotation_thresh_gray.png
generate_sample_by_ios_image_size_256_256_thickness_0.2/OPQVUj738i_random_size_0_94_1_color.jpg,generate_sample_by_ios_image_size_256_256_thickness_0.2/OPQVUj738i_random_size_0_94_1_annotation_thresh_gray.png
generate_sample_by_ios_image_size_256_256_thickness_0.2/OrnXFxTD10_large_size_0_71_1_color.jpg,generate_sample_by_ios_image_size_256_256_thickness_0.2/OrnXFxTD10_large_size_0_71_1_annotation_thresh_gray.png
generate_sample_by_ios_image_size_256_256_thickness_0.2/cdWILnj43O_large_size_0_90_1_color.jpg,generate_sample_by_ios_image_size_256_256_thickness_0.2/cdWILnj43O_large_size_0_90_1_annotation_thresh_gray.png
generate_sample_by_ios_image_size_256_256_thickness_0.2/mor6zAedmv_random_size_1_3_1_color.jpg,generate_sample_by_ios_image_size_256_256_thickness_0.2/mor6zAedmv_random_size_1_3_1_annotation_thresh_gray.png
generate_sample_by_ios_image_size_256_256_thickness_0.2/qYnq3mm3SY_random_size_0_129_1_color.jpg,generate_sample_by_ios_image_size_256_256_thickness_0.2/qYnq3mm3SY_random_size_0_129_1_annotation_thresh_gray.png
generate_sample_by_ios_image_size_256_256_thickness_0.2/Umqyd9PXcP_random_size_0_90_1_color.jpg,generate_sample_by_ios_image_size_256_256_thickness_0.2/Umqyd9PXcP_random_size_0_90_1_annotation_thresh_gray.png
generate_sample_by_ios_image_size_256_256_thickness_0.2/bFJPCUl1eZ_large_size_0_76_1_color.jpg,generate_sample_by_ios_image_size_256_256_thickness_0.2/bFJPCUl1eZ_large_size_0_76_1_annotation_thresh_gray.png
generate_sample_by_ios_image_size_256_256_thickness_0.2/U53eMp0iyi_random_size_0_73_1_color.jpg,generate_sample_by_ios_image_size_256_256_thickness_0.2/U53eMp0iyi_random_size_0_73_1_annotation_thresh_gray.png
generate_sample_by_ios_image_size_256_256_thickness_0.2/Agp1QEoSS3_random_size_0_36_1_color.jpg,generate_sample_by_ios_image_size_256_256_thickness_0.2/Agp1QEoSS3_random_size_0_36_1_annotation_thresh_gray.png
generate_sample_by_ios_image_size_256_256_thickness_0.2/xY1rTGRXNP_large_size_0_114_1_color.jpg,generate_sample_by_ios_image_size_256_256_thickness_0.2/xY1rTGRXNP_large_size_0_114_1_annotation_thresh_gray.png
generate_sample_by_ios_image_size_256_256_thickness_0.2/Jlt4QXEINd_large_size_1_2_1_color.jpg,generate_sample_by_ios_image_size_256_256_thickness_0.2/Jlt4QXEINd_large_size_1_2_1_annotation_thresh_gray.png
generate_sample_by_ios_image_size_256_256_thickness_0.2/XD7J8EWNmG_random_size_0_68_1_color.jpg,generate_sample_by_ios_image_size_256_256_thickness_0.2/XD7J8EWNmG_random_size_0_68_1_annotation_thresh_gray.png
generate_sample_by_ios_image_size_256_256_thickness_0.2/ytQY6Mun2B_random_size_0_23_1_color.jpg,generate_sample_by_ios_image_size_256_256_thickness_0.2/ytQY6Mun2B_random_size_0_23_1_annotation_thresh_gray.png
generate_sample_by_ios_image_size_256_256_thickness_0.2/Y2XcaEgTMj_large_size_0_114_1_color.jpg,generate_sample_by_ios_image_size_256_256_thickness_0.2/Y2XcaEgTMj_large_size_0_114_1_annotation_thresh_gray.png
generate_sample_by_ios_image_size_256_256_thickness_0.2/8SMS6JlIi5_large_size_0_67_1_color.jpg,generate_sample_by_ios_image_size_256_256_thickness_0.2/8SMS6JlIi5_large_size_0_67_1_annotation_thresh_gray.png
generate_sample_by_ios_image_size_256_256_thickness_0.2/EsvKy85rrt_random_size_0_30_1_color.jpg,generate_sample_by_ios_image_size_256_256_thickness_0.2/EsvKy85rrt_random_size_0_30_1_annotation_thresh_gray.png
generate_sample_by_ios_image_size_256_256_thickness_0.2/pknOTBTFdW_large_size_0_62_1_color.jpg,generate_sample_by_ios_image_size_256_256_thickness_0.2/pknOTBTFdW_large_size_0_62_1_annotation_thresh_gray.png
generate_sample_by_ios_image_size_256_256_thickness_0.2/7s9Zujx6tl_large_size_0_87_1_color.jpg,generate_sample_by_ios_image_size_256_256_thickness_0.2/7s9Zujx6tl_large_size_0_87_1_annotation_thresh_gray.png
generate_sample_by_ios_image_size_256_256_thickness_0.2/KeY1LZVfmT_random_size_0_119_1_color.jpg,generate_sample_by_ios_image_size_256_256_thickness_0.2/KeY1LZVfmT_random_size_0_119_1_annotation_thresh_gray.png
generate_sample_by_ios_image_size_256_256_thickness_0.2/R2B6qEGwy7_random_size_0_60_1_color.jpg,generate_sample_by_ios_image_size_256_256_thickness_0.2/R2B6qEGwy7_random_size_0_60_1_annotation_thresh_gray.png
generate_sample_by_ios_image_size_256_256_thickness_0.2/vokSJkKh6R_large_size_0_74_1_color.jpg,generate_sample_by_ios_image_size_256_256_thickness_0.2/vokSJkKh6R_large_size_0_74_1_annotation_thresh_gray.png
generate_sample_by_ios_image_size_256_256_thickness_0.2/uGePmPVfWv_large_size_0_42_1_color.jpg,generate_sample_by_ios_image_size_256_256_thickness_0.2/uGePmPVfWv_large_size_0_42_1_annotation_thresh_gray.png
generate_sample_by_ios_image_size_256_256_thickness_0.2/qAuODWb5Iw_large_size_0_75_1_color.jpg,generate_sample_by_ios_image_size_256_256_thickness_0.2/qAuODWb5Iw_large_size_0_75_1_annotation_thresh_gray.png
generate_sample_by_ios_image_size_256_256_thickness_0.2/StTyQuS0Py_large_size_0_78_1_color.jpg,generate_sample_by_ios_image_size_256_256_thickness_0.2/StTyQuS0Py_large_size_0_78_1_annotation_thresh_gray.png
generate_sample_by_ios_image_size_256_256_thickness_0.2/FENo2CazXU_large_size_0_35_1_color.jpg,generate_sample_by_ios_image_size_256_256_thickness_0.2/FENo2CazXU_large_size_0_35_1_annotation_thresh_gray.png
generate_sample_by_ios_image_size_256_256_thickness_0.2/wGZX3C6lzM_random_size_0_27_1_color.jpg,generate_sample_by_ios_image_size_256_256_thickness_0.2/wGZX3C6lzM_random_size_0_27_1_annotation_thresh_gray.png
generate_sample_by_ios_image_size_256_256_thickness_0.2/1ycbalIqAR_large_size_0_56_1_color.jpg,generate_sample_by_ios_image_size_256_256_thickness_0.2/1ycbalIqAR_large_size_0_56_1_annotation_thresh_gray.png
generate_sample_by_ios_image_size_256_256_thickness_0.2/DeAoyMnObe_large_size_0_106_1_color.jpg,generate_sample_by_ios_image_size_256_256_thickness_0.2/DeAoyMnObe_large_size_0_106_1_annotation_thresh_gray.png
generate_sample_by_ios_image_size_256_256_thickness_0.2/6yLOGRNpsP_large_size_0_49_1_color.jpg,generate_sample_by_ios_image_size_256_256_thickness_0.2/6yLOGRNpsP_large_size_0_49_1_annotation_thresh_gray.png
generate_sample_by_ios_image_size_256_256_thickness_0.2/SMSMl6mcyb_large_size_0_51_1_color.jpg,generate_sample_by_ios_image_size_256_256_thickness_0.2/SMSMl6mcyb_large_size_0_51_1_annotation_thresh_gray.png
generate_sample_by_ios_image_size_256_256_thickness_0.2/rRBKrVX7sH_large_size_0_23_1_color.jpg,generate_sample_by_ios_image_size_256_256_thickness_0.2/rRBKrVX7sH_large_size_0_23_1_annotation_thresh_gray.png
generate_sample_by_ios_image_size_256_256_thickness_0.2/qShfvQeoIr_large_size_0_30_1_color.jpg,generate_sample_by_ios_image_size_256_256_thickness_0.2/qShfvQeoIr_large_size_0_30_1_annotation_thresh_gray.png
generate_sample_by_ios_image_size_256_256_thickness_0.2/ODBywVKJAW_large_size_0_41_1_color.jpg,generate_sample_by_ios_image_size_256_256_thickness_0.2/ODBywVKJAW_large_size_0_41_1_annotation_thresh_gray.png
generate_sample_by_ios_image_size_256_256_thickness_0.2/JO41lytA3f_random_size_0_45_1_color.jpg,generate_sample_by_ios_image_size_256_256_thickness_0.2/JO41lytA3f_random_size_0_45_1_annotation_thresh_gray.png
generate_sample_by_ios_image_size_256_256_thickness_0.2/dFJm1EcPXq_random_size_0_14_1_color.jpg,generate_sample_by_ios_image_size_256_256_thickness_0.2/dFJm1EcPXq_random_size_0_14_1_annotation_thresh_gray.png
generate_sample_by_ios_image_size_256_256_thickness_0.2/pIVWP4SIXk_large_size_0_41_1_color.jpg,generate_sample_by_ios_image_size_256_256_thickness_0.2/pIVWP4SIXk_large_size_0_41_1_annotation_thresh_gray.png
generate_sample_by_ios_image_size_256_256_thickness_0.2/gBcQ4DZZWU_large_size_1_0_1_color.jpg,generate_sample_by_ios_image_size_256_256_thickness_0.2/gBcQ4DZZWU_large_size_1_0_1_annotation_thresh_gray.png
generate_sample_by_ios_image_size_256_256_thickness_0.2/5Q0R542qUe_large_size_0_123_1_color.jpg,generate_sample_by_ios_image_size_256_256_thickness_0.2/5Q0R542qUe_large_size_0_123_1_annotation_thresh_gray.png
generate_sample_by_ios_image_size_256_256_thickness_0.2/cyTKgEo9yi_large_size_0_3_1_color.jpg,generate_sample_by_ios_image_size_256_256_thickness_0.2/cyTKgEo9yi_large_size_0_3_1_annotation_thresh_gray.png
generate_sample_by_ios_image_size_256_256_thickness_0.2/MmmMv9w0Wu_large_size_0_109_1_color.jpg,generate_sample_by_ios_image_size_256_256_thickness_0.2/MmmMv9w0Wu_large_size_0_109_1_annotation_thresh_gray.png
generate_sample_by_ios_image_size_256_256_thickness_0.2/E6cCLNHik9_large_size_0_91_1_color.jpg,generate_sample_by_ios_image_size_256_256_thickness_0.2/E6cCLNHik9_large_size_0_91_1_annotation_thresh_gray.png
generate_sample_by_ios_image_size_256_256_thickness_0.2/Q0n87OcJsS_large_size_0_45_1_color.jpg,generate_sample_by_ios_image_size_256_256_thickness_0.2/Q0n87OcJsS_large_size_0_45_1_annotation_thresh_gray.png
generate_sample_by_ios_image_size_256_256_thickness_0.2/RguwsDMEXk_large_size_0_96_1_color.jpg,generate_sample_by_ios_image_size_256_256_thickness_0.2/RguwsDMEXk_large_size_0_96_1_annotation_thresh_gray.png
generate_sample_by_ios_image_size_256_256_thickness_0.2/by3UPpWtcD_large_size_0_48_1_color.jpg,generate_sample_by_ios_image_size_256_256_thickness_0.2/by3UPpWtcD_large_size_0_48_1_annotation_thresh_gray.png
generate_sample_by_ios_image_size_256_256_thickness_0.2/xGPVwWNILr_large_size_0_129_1_color.jpg,generate_sample_by_ios_image_size_256_256_thickness_0.2/xGPVwWNILr_large_size_0_129_1_annotation_thresh_gray.png
generate_sample_by_ios_image_size_256_256_thickness_0.2/oUGjrVSQOf_random_size_0_24_1_color.jpg,generate_sample_by_ios_image_size_256_256_thickness_0.2/oUGjrVSQOf_random_size_0_24_1_annotation_thresh_gray.png
generate_sample_by_ios_image_size_256_256_thickness_0.2/NFOe5X9rFl_large_size_0_129_1_color.jpg,generate_sample_by_ios_image_size_256_256_thickness_0.2/NFOe5X9rFl_large_size_0_129_1_annotation_thresh_gray.png
generate_sample_by_ios_image_size_256_256_thickness_0.2/e5gTNKpArI_large_size_0_66_1_color.jpg,generate_sample_by_ios_image_size_256_256_thickness_0.2/e5gTNKpArI_large_size_0_66_1_annotation_thresh_gray.png
generate_sample_by_ios_image_size_256_256_thickness_0.2/hJwtwDzJi6_large_size_0_32_1_color.jpg,generate_sample_by_ios_image_size_256_256_thickness_0.2/hJwtwDzJi6_large_size_0_32_1_annotation_thresh_gray.png
generate_sample_by_ios_image_size_256_256_thickness_0.2/PQLnSlrZwk_random_size_0_125_1_color.jpg,generate_sample_by_ios_image_size_256_256_thickness_0.2/PQLnSlrZwk_random_size_0_125_1_annotation_thresh_gray.png
generate_sample_by_ios_image_size_256_256_thickness_0.2/afYLRrOXg3_large_size_0_4_1_color.jpg,generate_sample_by_ios_image_size_256_256_thickness_0.2/afYLRrOXg3_large_size_0_4_1_annotation_thresh_gray.png
generate_sample_by_ios_image_size_256_256_thickness_0.2/UAmLQ2ldcI_large_size_0_98_1_color.jpg,generate_sample_by_ios_image_size_256_256_thickness_0.2/UAmLQ2ldcI_large_size_0_98_1_annotation_thresh_gray.png
generate_sample_by_ios_image_size_256_256_thickness_0.2/iZZQXG7r4K_random_size_0_49_1_color.jpg,generate_sample_by_ios_image_size_256_256_thickness_0.2/iZZQXG7r4K_random_size_0_49_1_annotation_thresh_gray.png
generate_sample_by_ios_image_size_256_256_thickness_0.2/YP2hQP1NL7_large_size_0_0_1_color.jpg,generate_sample_by_ios_image_size_256_256_thickness_0.2/YP2hQP1NL7_large_size_0_0_1_annotation_thresh_gray.png
generate_sample_by_ios_image_size_256_256_thickness_0.2/Iv9mJNB9bL_large_size_0_70_1_color.jpg,generate_sample_by_ios_image_size_256_256_thickness_0.2/Iv9mJNB9bL_large_size_0_70_1_annotation_thresh_gray.png
generate_sample_by_ios_image_size_256_256_thickness_0.2/1xfTQhvgeS_large_size_0_82_1_color.jpg,generate_sample_by_ios_image_size_256_256_thickness_0.2/1xfTQhvgeS_large_size_0_82_1_annotation_thresh_gray.png
generate_sample_by_ios_image_size_256_256_thickness_0.2/HvWoIpsUoW_large_size_0_79_1_color.jpg,generate_sample_by_ios_image_size_256_256_thickness_0.2/HvWoIpsUoW_large_size_0_79_1_annotation_thresh_gray.png
generate_sample_by_ios_image_size_256_256_thickness_0.2/SAPwHjTJQy_large_size_0_15_1_color.jpg,generate_sample_by_ios_image_size_256_256_thickness_0.2/SAPwHjTJQy_large_size_0_15_1_annotation_thresh_gray.png
generate_sample_by_ios_image_size_256_256_thickness_0.2/ct4ogZslsJ_large_size_0_68_1_color.jpg,generate_sample_by_ios_image_size_256_256_thickness_0.2/ct4ogZslsJ_large_size_0_68_1_annotation_thresh_gray.png
generate_sample_by_ios_image_size_256_256_thickness_0.2/XGQ02YT1ug_large_size_0_78_1_color.jpg,generate_sample_by_ios_image_size_256_256_thickness_0.2/XGQ02YT1ug_large_size_0_78_1_annotation_thresh_gray.png
generate_sample_by_ios_image_size_256_256_thickness_0.2/bPzLJHzA09_large_size_0_40_1_color.jpg,generate_sample_by_ios_image_size_256_256_thickness_0.2/bPzLJHzA09_large_size_0_40_1_annotation_thresh_gray.png
generate_sample_by_ios_image_size_256_256_thickness_0.2/fwMPaGixAY_large_size_0_13_1_color.jpg,generate_sample_by_ios_image_size_256_256_thickness_0.2/fwMPaGixAY_large_size_0_13_1_annotation_thresh_gray.png
generate_sample_by_ios_image_size_256_256_thickness_0.2/R1sXnK2ujp_large_size_0_77_1_color.jpg,generate_sample_by_ios_image_size_256_256_thickness_0.2/R1sXnK2ujp_large_size_0_77_1_annotation_thresh_gray.png
generate_sample_by_ios_image_size_256_256_thickness_0.2/2kQwZ6X9rQ_large_size_0_12_1_color.jpg,generate_sample_by_ios_image_size_256_256_thickness_0.2/2kQwZ6X9rQ_large_size_0_12_1_annotation_thresh_gray.png
generate_sample_by_ios_image_size_256_256_thickness_0.2/vh0SNy4pad_large_size_0_80_1_color.jpg,generate_sample_by_ios_image_size_256_256_thickness_0.2/vh0SNy4pad_large_size_0_80_1_annotation_thresh_gray.png
generate_sample_by_ios_image_size_256_256_thickness_0.2/3xcVqJKaZb_large_size_0_5_1_color.jpg,generate_sample_by_ios_image_size_256_256_thickness_0.2/3xcVqJKaZb_large_size_0_5_1_annotation_thresh_gray.png
generate_sample_by_ios_image_size_256_256_thickness_0.2/hCau6VD158_large_size_0_91_1_color.jpg,generate_sample_by_ios_image_size_256_256_thickness_0.2/hCau6VD158_large_size_0_91_1_annotation_thresh_gray.png
generate_sample_by_ios_image_size_256_256_thickness_0.2/BxGIDT8Kfy_large_size_0_115_1_color.jpg,generate_sample_by_ios_image_size_256_256_thickness_0.2/BxGIDT8Kfy_large_size_0_115_1_annotation_thresh_gray.png
generate_sample_by_ios_image_size_256_256_thickness_0.2/TaiOtLft24_large_size_0_26_1_color.jpg,generate_sample_by_ios_image_size_256_256_thickness_0.2/TaiOtLft24_large_size_0_26_1_annotation_thresh_gray.png
generate_sample_by_ios_image_size_256_256_thickness_0.2/qgyb9UAsB8_large_size_0_12_1_color.jpg,generate_sample_by_ios_image_size_256_256_thickness_0.2/qgyb9UAsB8_large_size_0_12_1_annotation_thresh_gray.png
generate_sample_by_ios_image_size_256_256_thickness_0.2/7jIAipGf04_large_size_0_120_1_color.jpg,generate_sample_by_ios_image_size_256_256_thickness_0.2/7jIAipGf04_large_size_0_120_1_annotation_thresh_gray.png
generate_sample_by_ios_image_size_256_256_thickness_0.2/8DUzxVadNf_large_size_0_26_1_color.jpg,generate_sample_by_ios_image_size_256_256_thickness_0.2/8DUzxVadNf_large_size_0_26_1_annotation_thresh_gray.png
generate_sample_by_ios_image_size_256_256_thickness_0.2/L2l6MK5kID_large_size_0_79_1_color.jpg,generate_sample_by_ios_image_size_256_256_thickness_0.2/L2l6MK5kID_large_size_0_79_1_annotation_thresh_gray.png
generate_sample_by_ios_image_size_256_256_thickness_0.2/QxCV1ktU7f_random_size_0_104_1_color.jpg,generate_sample_by_ios_image_size_256_256_thickness_0.2/QxCV1ktU7f_random_size_0_104_1_annotation_thresh_gray.png
generate_sample_by_ios_image_size_256_256_thickness_0.2/bAacm69naR_large_size_0_52_1_color.jpg,generate_sample_by_ios_image_size_256_256_thickness_0.2/bAacm69naR_large_size_0_52_1_annotation_thresh_gray.png
generate_sample_by_ios_image_size_256_256_thickness_0.2/wB8bQf3Dwt_large_size_0_52_1_color.jpg,generate_sample_by_ios_image_size_256_256_thickness_0.2/wB8bQf3Dwt_large_size_0_52_1_annotation_thresh_gray.png
generate_sample_by_ios_image_size_256_256_thickness_0.2/KRuHfOGpVF_random_size_0_121_1_color.jpg,generate_sample_by_ios_image_size_256_256_thickness_0.2/KRuHfOGpVF_random_size_0_121_1_annotation_thresh_gray.png
